timestamp,device_id,action,src_ip,dst_ip,src_port,dst_port,protocol,bytes_sent,bytes_received,duration_sec,severity,policy_name,country_src,country_dst
2026-03-17 12:02:44,FGT-01,ALLOW,10.101.69.8,10.65.149.30,61807,22,UDP,442350,546069,1677,medium,dmz-policy,BR,CN
2026-03-17 13:21:23,FGT-03,ALLOW,197.117.182.83,150.136.118.208,32980,8080,ICMP,449044,977608,259,low,internet-access,US,CN
2026-03-17 20:02:32,FGT-01,ALLOW,10.167.214.250,10.226.208.213,24085,445,UDP,447454,767767,3575,low,dmz-policy,GB,GB
2026-03-17 10:54:51,FGT-01,ALLOW,219.237.11.99,10.189.172.10,19665,8080,ICMP,381325,693967,2245,low,dmz-policy,IN,KP
2026-03-17 23:45:40,FGT-03,ALLOW,10.24.39.207,10.244.250.121,54123,22,TCP,293493,750929,3092,high,dmz-policy,MX,US
2026-03-17 15:24:48,FGT-03,ALLOW,50.177.154.218,10.62.40.151,51158,3389,UDP,48709,114514,1544,low,vpn-split,PA,MX
2026-03-17 18:58:32,FGT-03,DENY,133.116.42.41,137.223.34.239,33423,8080,UDP,22276,465166,2697,critical,internet-access,KP,IN
2026-03-17 00:06:52,FGT-01,DENY,10.87.239.199,10.159.50.239,34635,445,ICMP,141365,502309,2392,medium,internet-access,RU,DE
2026-03-17 16:22:31,FGT-01,DROP,10.87.218.149,10.80.13.82,2397,445,TCP,495958,83415,1241,low,internet-access,IN,PA
2026-03-17 00:43:33,FGT-01,DENY,95.82.160.222,10.102.239.36,47998,443,ICMP,161505,80418,2937,low,dmz-policy,US,MX
2026-03-17 11:38:40,FGT-01,ALLOW,109.184.101.199,10.205.129.147,60367,3389,TCP,175573,995685,2595,medium,internet-access,RU,KP
2026-03-17 17:58:48,FGT-01,ALLOW,10.6.222.133,10.72.1.161,15065,53,UDP,175518,676460,1843,high,internal-only,BR,US
2026-03-17 11:07:25,FGT-03,ALLOW,72.163.101.220,10.32.103.55,31202,8080,UDP,95059,868036,1651,low,vpn-split,DE,CN
2026-03-17 07:04:12,FGT-01,ALLOW,27.76.169.191,148.250.123.199,46200,22,UDP,369715,9847,595,low,internet-access,GB,RU
2026-03-17 18:10:25,FGT-03,RESET,10.245.129.168,10.11.23.226,22357,22,ICMP,176402,116924,2451,low,internal-only,GB,GB
2026-03-17 03:40:03,FGT-02,DENY,115.95.55.103,10.237.178.148,1439,8080,ICMP,429723,788123,3583,low,internet-access,IN,BR
2026-03-17 05:51:11,FGT-01,DENY,13.75.172.250,10.236.251.19,51226,445,TCP,109080,325533,1396,critical,internet-access,GB,DE
2026-03-17 12:44:00,FGT-02,RESET,16.239.21.193,10.187.93.78,22740,80,UDP,355278,804090,1725,high,vpn-split,RU,US
2026-03-17 06:34:53,FGT-01,ALLOW,149.80.6.112,10.87.171.50,7358,445,UDP,333190,38541,223,medium,dmz-policy,KP,KP
2026-03-17 22:32:06,FGT-03,DROP,10.105.61.149,10.154.102.2,22200,80,UDP,413088,107288,1716,medium,vpn-split,KP,US
2026-03-17 04:39:03,FGT-03,ALLOW,10.162.169.22,10.94.13.193,52468,443,ICMP,118096,858252,3534,low,dmz-policy,DE,GB
2026-03-17 16:06:25,FGT-01,ALLOW,45.109.202.48,10.204.176.21,5143,53,UDP,44852,928328,2257,medium,internal-only,DE,DE
2026-03-17 09:21:09,FGT-01,ALLOW,62.48.121.156,60.200.189.184,42921,53,UDP,182126,770498,189,low,internet-access,PA,DE
2026-03-17 01:51:14,FGT-01,DENY,81.71.78.155,10.196.120.226,49166,80,UDP,346924,165677,2956,low,internal-only,IN,KP
2026-03-17 23:00:58,FGT-02,ALLOW,10.39.115.248,10.109.201.223,22750,8080,TCP,292309,343714,3520,low,dmz-policy,BR,BR
2026-03-17 03:41:46,FGT-02,DROP,10.77.205.223,181.173.199.183,54521,80,TCP,86447,172829,1336,high,vpn-split,IN,US
2026-03-17 14:24:12,FGT-03,ALLOW,10.247.192.23,208.197.197.42,58672,22,ICMP,253128,43768,3577,high,dmz-policy,BR,IN
2026-03-17 01:57:15,FGT-03,RESET,10.67.153.200,10.23.186.166,18708,80,TCP,19901,590368,1464,critical,internet-access,US,RU
2026-03-17 17:58:44,FGT-02,ALLOW,77.10.196.218,10.200.101.126,38281,53,ICMP,367535,455905,2871,low,dmz-policy,CN,GB
2026-03-17 01:25:07,FGT-01,RESET,10.124.181.8,109.67.58.62,10328,3389,ICMP,153418,294859,1858,low,internal-only,US,IN
2026-03-17 14:55:18,FGT-02,ALLOW,10.229.21.22,10.49.129.248,11268,53,TCP,179349,480306,2954,low,internet-access,DE,MX
2026-03-17 21:41:56,FGT-01,ALLOW,210.93.254.4,10.59.112.247,27605,8080,ICMP,453366,637095,247,medium,internet-access,KP,RU
2026-03-17 19:17:59,FGT-01,DENY,115.115.186.204,10.81.19.36,2481,8080,ICMP,164643,608166,2835,low,internal-only,GB,US
2026-03-17 08:05:22,FGT-03,ALLOW,43.10.33.204,10.86.243.13,25266,80,UDP,490327,583324,412,medium,internal-only,DE,IN
2026-03-17 14:01:53,FGT-03,DENY,131.211.29.244,10.3.30.248,29359,8080,TCP,95020,68846,1158,low,internet-access,GB,DE
2026-03-17 23:30:06,FGT-01,ALLOW,10.147.186.151,60.97.135.176,4945,80,UDP,26162,755667,3222,critical,vpn-split,US,KP
2026-03-17 09:33:51,FGT-02,ALLOW,10.213.48.139,144.13.98.217,40160,3389,UDP,393862,216285,130,high,internet-access,MX,KP
2026-03-17 14:06:33,FGT-03,RESET,8.183.68.94,14.196.84.184,20621,80,UDP,421167,901788,1792,critical,vpn-split,RU,MX
2026-03-17 23:55:31,FGT-01,ALLOW,110.171.70.158,10.7.23.142,44181,22,TCP,352944,38105,589,low,dmz-policy,MX,BR
2026-03-17 21:37:02,FGT-02,DENY,125.114.8.150,10.29.248.122,37214,53,ICMP,264959,717527,2969,low,dmz-policy,MX,CN
2026-03-17 09:44:06,FGT-01,ALLOW,10.61.94.93,10.4.91.144,24459,445,TCP,222540,576612,2637,medium,dmz-policy,MX,GB
2026-03-17 03:40:59,FGT-01,DENY,10.22.141.39,27.223.48.155,18228,53,UDP,265895,355878,2513,high,internet-access,RU,CN
2026-03-17 09:23:03,FGT-01,ALLOW,32.203.255.174,10.142.45.109,47125,53,UDP,468071,203764,965,low,internet-access,CN,RU
2026-03-17 08:14:56,FGT-03,DENY,10.44.172.118,93.49.24.67,51712,8080,TCP,336420,507020,739,low,internal-only,DE,GB
2026-03-17 10:40:34,FGT-02,ALLOW,116.106.71.205,10.6.250.179,24866,443,UDP,407380,794950,3506,high,dmz-policy,MX,BR
2026-03-17 08:54:39,FGT-01,ALLOW,10.139.57.200,9.232.189.210,5003,22,UDP,393529,967013,627,medium,vpn-split,BR,CN
2026-03-17 13:24:23,FGT-02,RESET,10.241.54.103,10.243.172.48,39834,22,ICMP,94711,561386,1104,low,vpn-split,CN,BR
2026-03-17 18:28:14,FGT-03,DROP,20.103.110.188,10.168.7.14,12712,8080,ICMP,473763,82000,261,low,dmz-policy,MX,US
2026-03-17 15:19:15,FGT-02,ALLOW,53.172.180.181,10.151.72.128,12347,22,TCP,36447,41681,2677,medium,internet-access,MX,PA
2026-03-17 22:50:04,FGT-02,ALLOW,10.100.94.198,10.118.248.147,53283,445,UDP,426412,247689,2183,low,vpn-split,GB,CN
2026-03-17 22:09:20,FGT-02,ALLOW,10.192.154.67,10.243.11.4,52532,8080,ICMP,300169,134707,19,high,internal-only,PA,DE
2026-03-17 18:17:08,FGT-03,ALLOW,10.160.53.54,10.147.139.81,64719,443,UDP,429428,365066,820,low,dmz-policy,MX,CN
2026-03-17 03:00:26,FGT-02,ALLOW,10.36.231.219,10.152.190.167,36591,80,TCP,26532,800086,2700,low,vpn-split,KP,MX
2026-03-17 13:32:08,FGT-02,ALLOW,10.24.191.31,10.128.48.47,19488,443,UDP,231082,86587,3435,low,internet-access,DE,CN
2026-03-17 01:25:30,FGT-01,ALLOW,8.81.208.180,10.147.110.16,16780,445,ICMP,273886,435222,1219,low,internet-access,CN,RU
2026-03-17 02:16:33,FGT-02,DENY,10.169.153.43,10.74.61.193,52746,3389,TCP,8972,466746,3189,low,dmz-policy,BR,IN
2026-03-17 21:30:15,FGT-03,ALLOW,114.166.166.254,10.56.155.67,15132,443,ICMP,41816,745549,10,low,vpn-split,KP,KP
2026-03-17 11:39:04,FGT-02,DROP,10.104.74.87,13.215.208.63,31740,443,UDP,12061,684132,2945,critical,dmz-policy,PA,BR
2026-03-17 22:39:41,FGT-02,ALLOW,10.186.119.112,10.144.220.205,25663,445,UDP,48114,583794,2682,high,internet-access,DE,US
2026-03-17 02:06:28,FGT-02,ALLOW,100.251.197.89,65.49.5.153,5674,8080,UDP,360786,157282,3500,medium,internal-only,KP,CN
2026-03-17 00:37:35,FGT-01,DENY,147.74.244.114,151.235.239.195,23801,53,ICMP,392899,603010,1995,medium,dmz-policy,IN,BR
2026-03-17 14:48:37,FGT-02,ALLOW,10.234.204.149,10.143.33.214,50002,53,UDP,276603,177679,1598,low,vpn-split,MX,US
2026-03-17 07:34:47,FGT-03,DENY,20.126.17.223,43.212.97.104,38799,8080,TCP,204333,956788,114,low,dmz-policy,PA,KP
2026-03-17 00:39:33,FGT-02,ALLOW,86.161.253.206,10.241.26.247,39605,22,UDP,300445,340692,2018,low,internal-only,KP,DE
2026-03-17 21:27:16,FGT-02,ALLOW,10.13.80.225,10.56.184.175,44260,22,ICMP,215986,384166,1303,low,dmz-policy,PA,DE
2026-03-17 22:13:00,FGT-02,ALLOW,218.253.149.22,10.57.8.69,57203,22,ICMP,494028,606760,3359,low,dmz-policy,CN,RU
2026-03-17 12:39:47,FGT-03,ALLOW,3.221.58.47,10.168.107.98,14854,8080,UDP,132188,600514,3146,low,internal-only,KP,IN
2026-03-17 16:55:17,FGT-03,ALLOW,173.205.202.40,10.33.152.108,46441,3389,ICMP,285742,251839,3192,medium,dmz-policy,RU,CN
2026-03-17 12:53:30,FGT-02,ALLOW,10.49.127.173,10.157.186.12,22578,443,TCP,123472,823490,2110,low,vpn-split,IN,RU
2026-03-17 00:02:29,FGT-02,DENY,10.141.222.239,10.62.142.231,55939,53,UDP,384694,371767,411,medium,internal-only,DE,PA
2026-03-17 01:44:33,FGT-01,ALLOW,132.87.241.172,10.161.27.209,60549,53,UDP,331327,804695,3335,high,internet-access,BR,DE
2026-03-17 08:10:16,FGT-03,ALLOW,101.114.69.251,57.1.42.198,31921,3389,ICMP,123693,902650,70,medium,internet-access,IN,IN
2026-03-17 00:25:56,FGT-01,ALLOW,10.244.125.62,10.94.180.61,3669,445,UDP,319261,102356,2026,low,dmz-policy,RU,IN
2026-03-17 04:26:12,FGT-02,DROP,10.51.105.137,180.182.176.125,57759,445,UDP,179251,165460,768,low,vpn-split,CN,CN
2026-03-17 03:58:45,FGT-03,ALLOW,10.86.229.138,10.123.66.156,45771,8080,UDP,178513,194692,301,low,vpn-split,RU,BR
2026-03-17 12:57:12,FGT-03,RESET,159.183.165.80,10.230.206.132,12636,53,ICMP,41889,527544,2079,low,vpn-split,KP,MX
2026-03-17 03:27:26,FGT-02,DENY,99.107.92.193,10.244.29.7,5870,53,UDP,465007,661454,2007,medium,internet-access,CN,KP
2026-03-17 18:16:21,FGT-03,DENY,45.176.69.81,105.122.191.95,62025,443,UDP,384111,941905,550,medium,vpn-split,GB,IN
2026-03-17 09:38:14,FGT-03,ALLOW,10.37.172.100,210.91.164.223,40235,22,UDP,499561,233334,438,high,internet-access,US,MX
2026-03-17 02:33:15,FGT-03,ALLOW,126.41.162.168,10.188.137.196,7258,443,TCP,451124,862115,2760,low,dmz-policy,PA,GB
2026-03-17 02:25:12,FGT-03,ALLOW,79.19.43.251,10.71.186.80,34321,8080,ICMP,347856,598686,559,medium,vpn-split,IN,RU
2026-03-17 18:33:41,FGT-02,ALLOW,131.56.111.248,10.105.107.132,42700,22,TCP,399172,902234,685,low,dmz-policy,US,BR
2026-03-17 02:44:06,FGT-02,ALLOW,90.146.132.68,213.136.233.194,33433,445,UDP,104839,97697,336,low,internal-only,DE,IN
2026-03-17 01:11:41,FGT-02,ALLOW,79.190.107.210,10.183.255.163,6431,22,TCP,337204,792757,1045,low,dmz-policy,DE,DE
2026-03-17 12:35:59,FGT-02,DENY,169.48.185.6,10.252.61.62,30167,8080,UDP,218758,150024,2314,low,dmz-policy,PA,DE
2026-03-17 12:31:05,FGT-01,DENY,25.201.62.213,99.72.235.119,5841,8080,TCP,489002,858503,1386,medium,vpn-split,PA,IN
2026-03-17 11:44:19,FGT-02,DROP,10.149.77.31,167.23.85.150,61520,22,UDP,103493,308671,1874,medium,internal-only,MX,GB
2026-03-17 10:50:36,FGT-02,ALLOW,10.12.49.121,10.176.94.254,31744,445,UDP,316588,929250,3211,medium,dmz-policy,CN,BR
2026-03-17 01:06:01,FGT-01,RESET,10.33.137.114,10.188.112.98,41801,8080,TCP,260366,731345,3001,low,dmz-policy,CN,GB
2026-03-17 15:31:04,FGT-03,ALLOW,185.28.66.176,145.83.245.180,36863,445,UDP,291537,153737,3432,medium,internal-only,IN,MX
2026-03-17 14:30:41,FGT-03,DENY,163.59.213.193,10.130.41.96,37719,80,ICMP,62974,511948,256,medium,vpn-split,DE,CN
2026-03-17 12:50:04,FGT-01,ALLOW,211.128.123.76,10.120.221.226,25729,443,ICMP,486847,585011,2669,high,vpn-split,MX,CN
2026-03-17 06:16:19,FGT-02,ALLOW,110.19.53.226,10.21.17.48,33937,22,UDP,498398,487431,2443,medium,dmz-policy,PA,DE
2026-03-17 07:09:58,FGT-02,ALLOW,114.215.124.1,10.72.45.233,25895,53,UDP,116142,734694,2833,medium,dmz-policy,US,US
2026-03-17 10:00:59,FGT-03,ALLOW,10.157.51.67,56.11.78.31,35510,8080,UDP,407428,256757,692,medium,dmz-policy,US,PA
2026-03-17 04:23:43,FGT-01,ALLOW,10.190.236.240,10.163.169.50,26526,3389,TCP,138515,416504,762,low,internet-access,IN,RU
2026-03-17 21:57:16,FGT-03,DENY,10.238.29.122,10.11.111.88,51028,3389,UDP,406831,746214,178,high,internal-only,DE,BR
2026-03-17 01:03:22,FGT-02,ALLOW,10.59.184.99,10.81.25.70,33071,53,TCP,302711,748311,721,medium,vpn-split,US,IN
2026-03-17 03:45:12,FGT-01,ALLOW,153.79.113.147,116.134.239.115,18839,443,UDP,466100,88721,2131,high,internal-only,DE,PA
2026-03-17 07:33:22,FGT-03,ALLOW,10.117.79.199,10.27.188.223,55596,445,UDP,42356,142174,2792,low,internal-only,KP,BR
2026-03-17 05:14:35,FGT-03,ALLOW,10.99.224.134,10.89.148.182,23284,53,UDP,30361,811078,336,low,internal-only,RU,RU
2026-03-17 02:52:42,FGT-03,DENY,122.160.45.103,10.84.187.105,27304,3389,UDP,67767,622755,3326,low,dmz-policy,KP,GB
2026-03-17 04:19:24,FGT-01,ALLOW,10.149.119.53,10.219.149.73,22199,3389,TCP,87836,788102,1881,high,internet-access,PA,BR
2026-03-17 17:56:58,FGT-03,DENY,10.43.34.75,121.58.145.49,62629,53,UDP,495064,284689,3455,medium,vpn-split,US,GB
2026-03-17 12:34:23,FGT-02,ALLOW,10.77.114.191,10.202.92.30,64242,3389,UDP,120735,7421,1696,low,vpn-split,GB,CN
2026-03-17 09:52:24,FGT-01,ALLOW,124.12.13.51,10.220.131.221,8579,53,ICMP,79485,697653,1521,low,internet-access,US,GB
2026-03-17 02:02:46,FGT-03,ALLOW,10.183.21.188,10.93.33.138,37166,53,TCP,359443,605461,2188,low,internal-only,RU,GB
2026-03-17 09:22:22,FGT-03,ALLOW,43.157.102.125,10.8.139.77,56597,22,ICMP,239787,875937,218,low,internet-access,GB,IN
2026-03-17 11:54:42,FGT-02,DENY,41.54.74.81,155.39.248.167,28449,443,UDP,482358,850063,1370,medium,vpn-split,CN,MX
2026-03-17 08:44:54,FGT-02,ALLOW,10.136.46.101,10.187.92.144,26513,53,ICMP,83215,171329,1080,low,internet-access,BR,CN
2026-03-17 04:34:34,FGT-03,ALLOW,3.7.232.112,10.1.15.49,40988,8080,TCP,415299,74257,1258,critical,internal-only,MX,PA
2026-03-17 04:16:57,FGT-03,DENY,10.6.151.252,10.8.158.108,63295,80,UDP,247201,784911,2980,medium,vpn-split,US,GB
2026-03-17 19:32:45,FGT-03,ALLOW,10.129.21.115,10.236.82.237,10646,53,UDP,344605,705574,2401,low,vpn-split,RU,MX
2026-03-17 14:24:53,FGT-02,DROP,10.125.249.71,10.64.11.113,46715,80,UDP,102615,926155,41,low,vpn-split,US,US
2026-03-17 00:49:56,FGT-03,ALLOW,59.189.243.117,10.151.26.2,16008,3389,TCP,429178,660487,3178,medium,internal-only,PA,US
2026-03-17 09:17:34,FGT-02,ALLOW,10.174.194.243,171.47.120.146,57075,443,UDP,56230,242098,1378,critical,dmz-policy,BR,KP
2026-03-17 19:46:38,FGT-02,DENY,10.9.248.139,25.194.134.23,1662,80,TCP,145950,498853,444,medium,vpn-split,DE,CN
2026-03-17 01:46:55,FGT-02,ALLOW,220.169.19.73,10.202.225.234,31230,80,UDP,277278,988524,1164,medium,internal-only,BR,RU
2026-03-17 16:00:30,FGT-03,ALLOW,195.19.14.22,88.28.48.92,8942,53,TCP,34201,476874,231,medium,dmz-policy,US,MX
2026-03-17 23:38:17,FGT-01,DENY,10.75.18.230,194.226.249.243,12456,443,ICMP,158487,358117,932,low,vpn-split,MX,IN
2026-03-17 17:50:48,FGT-02,ALLOW,160.93.92.223,76.169.108.152,17878,3389,UDP,144015,3955,647,high,internet-access,RU,IN
2026-03-17 02:47:29,FGT-01,ALLOW,10.47.37.34,10.186.68.144,25577,445,TCP,120832,250549,781,low,internet-access,KP,RU
2026-03-17 10:46:16,FGT-03,DROP,10.251.91.30,142.217.248.81,61451,80,TCP,30419,548977,3488,low,internet-access,MX,PA
2026-03-17 11:42:32,FGT-01,ALLOW,10.244.93.182,67.187.235.114,55141,80,UDP,223354,361399,3297,medium,dmz-policy,GB,KP
2026-03-17 01:14:58,FGT-01,DENY,10.202.73.222,10.111.230.104,59258,22,TCP,198991,261587,3393,critical,dmz-policy,KP,KP
2026-03-17 17:13:36,FGT-02,ALLOW,10.196.244.234,10.41.222.177,44341,80,UDP,414774,696085,594,low,internet-access,GB,MX
2026-03-17 10:26:39,FGT-02,ALLOW,10.249.64.45,10.205.154.161,47872,80,ICMP,205871,36622,2960,low,internet-access,KP,MX
2026-03-17 12:32:34,FGT-01,DENY,68.109.236.112,10.225.162.165,24673,445,TCP,366531,487498,1058,medium,vpn-split,DE,GB
2026-03-17 01:01:11,FGT-01,ALLOW,13.197.0.183,10.92.94.183,7691,80,TCP,453492,118841,2631,low,dmz-policy,BR,DE
2026-03-17 11:39:05,FGT-02,DENY,141.30.245.218,172.196.44.165,43881,53,TCP,27679,59738,701,medium,internet-access,US,KP
2026-03-17 09:10:21,FGT-01,ALLOW,10.202.218.76,10.127.225.227,1267,443,TCP,426402,244298,971,medium,vpn-split,PA,PA
2026-03-17 16:21:59,FGT-03,ALLOW,10.232.112.105,10.25.161.98,43874,445,TCP,408281,433113,3451,critical,internet-access,MX,US
2026-03-17 07:51:58,FGT-02,ALLOW,10.111.20.9,50.171.70.51,62185,3389,TCP,419380,302861,1790,low,internal-only,DE,GB
2026-03-17 08:00:41,FGT-01,RESET,67.127.154.118,170.147.131.209,11023,443,UDP,421637,740575,2279,low,internet-access,US,PA
2026-03-17 14:03:06,FGT-01,DENY,1.146.20.188,81.6.228.118,18208,22,UDP,152235,639548,2747,low,vpn-split,KP,DE
2026-03-17 14:27:18,FGT-02,ALLOW,10.29.137.122,10.4.45.155,19993,3389,TCP,26451,530660,435,low,dmz-policy,GB,MX
2026-03-17 14:41:15,FGT-03,DROP,58.210.105.103,13.129.220.5,33951,443,TCP,479045,54187,316,medium,dmz-policy,CN,RU
2026-03-17 07:45:42,FGT-01,DROP,10.208.1.89,101.71.94.232,33658,3389,ICMP,113256,249926,310,high,internet-access,GB,US
2026-03-17 15:57:21,FGT-02,ALLOW,10.149.254.99,168.93.81.227,47402,53,ICMP,152925,489335,2398,low,dmz-policy,IN,IN
2026-03-17 14:39:23,FGT-01,DENY,220.131.61.189,10.83.76.74,54327,80,UDP,125400,422457,3398,low,internet-access,KP,DE
2026-03-17 15:14:20,FGT-01,ALLOW,47.149.112.213,10.153.116.162,53521,3389,ICMP,470714,888300,228,high,dmz-policy,DE,RU
2026-03-17 01:19:33,FGT-03,ALLOW,131.219.67.17,10.38.235.97,26655,53,TCP,223998,821378,478,medium,vpn-split,DE,GB
2026-03-17 14:35:48,FGT-02,DENY,184.28.27.65,10.57.206.249,55223,80,ICMP,71954,146840,12,low,dmz-policy,IN,GB
2026-03-17 06:51:17,FGT-02,ALLOW,98.243.71.128,10.122.43.231,21165,80,ICMP,344916,123514,2711,low,dmz-policy,GB,DE
2026-03-17 11:16:22,FGT-02,DROP,10.58.99.159,10.249.29.82,47162,445,UDP,346926,985152,1172,high,dmz-policy,GB,DE
2026-03-17 09:10:51,FGT-03,ALLOW,86.244.75.69,10.91.222.152,44338,53,TCP,73032,148542,2746,medium,internet-access,RU,DE
2026-03-17 04:12:42,FGT-01,ALLOW,101.92.23.208,156.184.232.246,46769,8080,ICMP,337490,977361,1584,medium,vpn-split,BR,GB
2026-03-17 05:58:46,FGT-03,ALLOW,10.127.27.64,113.191.242.252,49028,53,TCP,151848,583037,1929,medium,dmz-policy,CN,KP
2026-03-17 08:24:14,FGT-01,ALLOW,10.104.151.187,10.108.132.1,5672,22,TCP,379380,906716,2658,low,internal-only,RU,GB
2026-03-17 01:53:15,FGT-01,ALLOW,209.10.62.136,133.182.187.15,58951,80,TCP,430009,109960,2018,low,internet-access,IN,RU
2026-03-17 13:00:06,FGT-01,ALLOW,10.119.89.77,10.31.233.116,24576,445,TCP,307464,831985,3397,medium,dmz-policy,MX,BR
2026-03-17 13:30:13,FGT-03,ALLOW,10.121.193.76,10.60.28.122,18793,3389,ICMP,76515,360845,170,medium,dmz-policy,RU,GB
2026-03-17 13:50:40,FGT-01,ALLOW,132.199.28.248,10.250.238.143,19421,3389,TCP,434891,652076,1589,low,vpn-split,CN,DE
2026-03-17 22:10:51,FGT-01,ALLOW,10.37.43.152,10.251.173.56,51749,445,UDP,477719,563474,623,low,internal-only,IN,IN
2026-03-17 23:22:40,FGT-03,ALLOW,168.249.42.53,10.101.142.22,28760,80,ICMP,332859,340671,1783,low,vpn-split,KP,PA
2026-03-17 14:13:30,FGT-03,ALLOW,171.153.228.225,10.199.153.195,23272,445,TCP,253355,910266,3288,low,vpn-split,KP,GB
2026-03-17 11:10:02,FGT-01,ALLOW,10.217.52.30,10.140.218.133,7696,445,TCP,315511,562299,2365,low,vpn-split,BR,MX
2026-03-17 20:17:22,FGT-03,RESET,10.71.4.160,10.180.225.183,32926,3389,UDP,116552,820877,1484,low,internal-only,PA,DE
2026-03-17 04:44:52,FGT-01,DENY,182.91.79.164,213.25.165.105,30666,80,ICMP,351812,501827,1345,low,internal-only,GB,DE
2026-03-17 14:41:47,FGT-02,ALLOW,127.205.95.128,10.166.212.159,32230,53,UDP,433798,639283,697,high,dmz-policy,GB,BR
2026-03-17 04:45:20,FGT-02,DROP,157.168.106.106,10.66.170.181,1623,445,TCP,493368,665136,2819,medium,internet-access,DE,US
2026-03-17 02:53:21,FGT-01,ALLOW,10.42.99.85,10.51.111.16,44591,3389,ICMP,381806,835213,2076,medium,vpn-split,MX,PA
2026-03-17 08:21:01,FGT-02,DENY,59.179.247.215,10.36.253.55,56442,3389,ICMP,154693,466702,3536,medium,internet-access,US,RU
2026-03-17 04:47:31,FGT-03,ALLOW,10.114.205.97,10.184.190.6,43355,445,TCP,363715,966206,3473,low,vpn-split,DE,GB
2026-03-17 21:18:19,FGT-03,DROP,212.103.120.243,10.157.88.143,40637,3389,UDP,249302,942880,753,low,internet-access,GB,BR
2026-03-17 02:10:22,FGT-03,DENY,10.33.184.165,10.98.159.71,52323,80,TCP,321643,460801,2140,high,dmz-policy,DE,PA
2026-03-17 05:58:33,FGT-01,ALLOW,76.188.182.62,186.157.6.160,25567,53,ICMP,186171,267856,1356,low,dmz-policy,US,CN
2026-03-17 01:00:05,FGT-01,DENY,10.16.28.62,10.60.53.170,21385,445,ICMP,378557,730844,1871,low,internet-access,BR,PA
2026-03-17 11:49:02,FGT-01,ALLOW,10.200.39.52,10.44.181.32,24697,22,UDP,70346,324082,1113,medium,internal-only,KP,BR
2026-03-17 09:58:21,FGT-02,ALLOW,83.239.77.178,10.229.158.223,52801,22,ICMP,355998,307487,1100,low,dmz-policy,PA,KP
2026-03-17 06:18:25,FGT-01,DENY,98.144.67.155,10.6.115.252,2340,22,TCP,453820,256749,2305,low,vpn-split,BR,DE
2026-03-17 08:52:57,FGT-03,ALLOW,10.127.209.146,10.198.146.207,39753,445,UDP,186583,865011,2805,medium,internal-only,RU,CN
2026-03-17 22:09:35,FGT-03,ALLOW,10.121.214.181,116.228.186.151,9391,80,UDP,189017,2812,2735,low,vpn-split,GB,KP
2026-03-17 13:31:13,FGT-01,DROP,10.41.82.19,10.7.176.228,50333,22,TCP,347792,238795,1487,low,internet-access,PA,GB
2026-03-17 06:23:18,FGT-01,ALLOW,85.131.188.91,10.88.228.58,46225,443,UDP,73725,922681,3372,high,dmz-policy,GB,GB
2026-03-17 08:27:37,FGT-03,RESET,13.91.246.20,10.77.177.147,45355,443,UDP,138881,818194,2232,high,vpn-split,US,CN
2026-03-17 20:44:30,FGT-03,ALLOW,83.216.143.154,10.92.122.244,12518,445,TCP,155268,560606,553,medium,dmz-policy,BR,IN
2026-03-17 21:09:42,FGT-02,ALLOW,12.177.29.173,10.119.234.114,5571,22,ICMP,204420,171716,2280,low,vpn-split,RU,CN
2026-03-17 22:45:49,FGT-02,ALLOW,31.244.146.59,10.29.205.72,34013,443,ICMP,90049,415832,2584,low,internal-only,BR,RU
2026-03-17 22:19:15,FGT-03,DENY,209.168.30.241,10.112.107.224,37057,445,ICMP,369889,420331,3180,medium,vpn-split,MX,BR
2026-03-17 19:25:42,FGT-03,ALLOW,30.73.12.166,10.237.231.250,11248,445,ICMP,147514,863004,1074,low,dmz-policy,BR,BR
2026-03-17 12:51:27,FGT-01,DENY,106.99.192.152,218.65.65.114,35711,53,UDP,152227,432300,195,low,vpn-split,KP,KP
2026-03-17 23:11:08,FGT-01,ALLOW,52.204.185.40,10.214.219.128,15822,3389,ICMP,61764,637153,738,low,internal-only,US,RU
2026-03-17 19:39:04,FGT-03,ALLOW,10.177.120.112,10.106.103.249,63487,3389,ICMP,497410,810035,2330,medium,vpn-split,DE,RU
2026-03-17 10:21:33,FGT-01,ALLOW,10.31.54.254,10.99.170.157,20080,445,UDP,185705,356172,1304,low,internet-access,CN,DE
2026-03-17 05:21:17,FGT-03,ALLOW,10.191.146.64,10.140.30.250,30546,22,ICMP,193019,317436,317,high,internal-only,KP,BR
2026-03-17 12:05:34,FGT-01,ALLOW,10.46.160.106,10.217.178.214,21470,445,UDP,481854,322193,3114,medium,internal-only,PA,MX
2026-03-17 16:33:03,FGT-03,ALLOW,159.135.181.168,10.189.3.250,34332,445,TCP,51947,183275,2230,medium,vpn-split,RU,KP
2026-03-17 17:13:50,FGT-01,DROP,10.144.127.15,10.244.16.96,41250,53,ICMP,124629,258024,1755,medium,vpn-split,KP,MX
2026-03-17 06:03:45,FGT-03,ALLOW,10.118.129.22,135.40.154.197,45923,3389,ICMP,233586,441061,3320,medium,dmz-policy,US,RU
2026-03-17 03:54:12,FGT-02,ALLOW,10.3.180.81,10.159.33.179,19351,443,UDP,244034,794206,2299,low,dmz-policy,CN,MX
2026-03-17 06:56:58,FGT-01,DROP,10.17.156.81,10.248.26.97,65040,22,UDP,310266,910059,1985,low,internal-only,DE,BR
2026-03-17 17:49:07,FGT-01,DENY,47.89.50.194,10.49.255.172,55156,3389,TCP,226406,707431,35,high,vpn-split,CN,MX
2026-03-17 02:01:18,FGT-01,ALLOW,10.237.133.198,10.144.80.166,40041,443,ICMP,60513,215696,2157,critical,internet-access,RU,US
2026-03-17 06:14:04,FGT-02,ALLOW,10.62.162.21,10.220.75.118,1531,53,ICMP,350302,558413,1643,low,internet-access,US,MX
2026-03-17 11:28:40,FGT-01,ALLOW,148.157.122.5,10.57.201.107,6504,3389,TCP,318088,93920,2514,low,internal-only,MX,BR
2026-03-17 10:44:45,FGT-03,DROP,102.232.224.25,10.190.252.102,15528,445,UDP,38404,162686,2223,medium,dmz-policy,GB,RU
2026-03-17 05:52:50,FGT-02,ALLOW,140.155.157.74,91.47.253.66,17639,445,ICMP,430678,622324,790,low,internal-only,PA,GB
2026-03-17 23:22:51,FGT-01,DENY,132.45.33.248,10.126.186.155,6713,80,TCP,68451,319531,377,medium,vpn-split,PA,BR
2026-03-17 22:01:23,FGT-03,ALLOW,31.164.120.41,10.8.11.183,54013,22,UDP,461000,746773,1876,medium,dmz-policy,KP,BR
2026-03-17 14:14:17,FGT-03,ALLOW,156.5.99.185,39.246.179.198,60377,53,ICMP,407752,860380,1824,medium,internal-only,MX,MX
2026-03-17 09:59:30,FGT-03,ALLOW,218.237.73.147,9.58.172.3,39086,8080,UDP,264894,791290,163,low,internal-only,BR,BR
2026-03-17 04:44:17,FGT-03,ALLOW,10.242.46.170,10.250.116.12,25512,80,TCP,141824,16180,1451,high,internet-access,IN,CN
2026-03-17 22:58:39,FGT-02,DENY,10.67.43.178,10.64.253.63,22109,22,TCP,216694,422166,3216,low,internal-only,PA,KP
2026-03-17 02:59:51,FGT-02,ALLOW,10.62.164.60,10.147.250.142,57046,53,UDP,446615,486729,1461,low,internal-only,CN,IN
2026-03-17 06:53:04,FGT-03,ALLOW,10.32.116.140,94.113.180.208,42134,22,UDP,324519,681679,2415,high,dmz-policy,PA,MX
2026-03-17 11:29:54,FGT-03,ALLOW,211.139.157.169,72.216.115.46,1070,3389,ICMP,267666,466409,304,medium,internal-only,BR,MX
2026-03-17 17:38:39,FGT-02,DROP,14.202.241.252,71.26.10.141,62891,443,UDP,295587,641169,2708,medium,internal-only,BR,RU
2026-03-17 10:39:04,FGT-03,ALLOW,10.4.244.154,118.125.219.196,52441,80,TCP,28165,470601,2228,low,internal-only,MX,RU
2026-03-17 09:32:54,FGT-01,ALLOW,10.88.250.247,10.39.101.131,10948,443,ICMP,225222,414727,248,low,dmz-policy,BR,BR
2026-03-17 04:45:08,FGT-03,ALLOW,135.105.19.233,10.21.62.177,17212,445,TCP,440271,324977,1105,medium,vpn-split,KP,US
2026-03-17 12:17:50,FGT-01,DENY,223.50.78.64,10.225.91.227,52070,53,TCP,29707,737766,1644,medium,internal-only,PA,MX
2026-03-17 00:51:46,FGT-03,ALLOW,10.141.173.147,10.118.93.56,13070,3389,ICMP,83917,677490,2615,low,dmz-policy,IN,US
2026-03-17 13:28:40,FGT-02,ALLOW,213.104.98.219,215.47.101.215,2051,22,TCP,120586,645570,2967,medium,vpn-split,GB,PA
2026-03-17 08:08:45,FGT-02,DENY,139.164.35.215,10.228.181.31,33332,53,ICMP,214561,879866,1242,low,dmz-policy,RU,CN
2026-03-17 00:34:24,FGT-03,ALLOW,166.26.76.33,10.165.226.31,46677,22,ICMP,406388,600123,3300,medium,internal-only,DE,RU
2026-03-17 11:30:43,FGT-03,RESET,2.28.60.217,10.204.200.110,10152,8080,UDP,249352,754849,1131,high,dmz-policy,RU,RU
2026-03-17 14:03:20,FGT-03,DENY,170.20.88.225,66.175.167.78,28805,445,TCP,439786,409387,2518,medium,internet-access,RU,RU
2026-03-17 07:53:43,FGT-02,DENY,166.76.52.66,10.198.140.26,31536,53,UDP,156590,89662,977,critical,internet-access,KP,US
2026-03-17 08:04:25,FGT-01,ALLOW,199.136.99.176,10.60.104.60,9195,443,ICMP,402235,111378,542,low,dmz-policy,MX,MX
2026-03-17 05:18:18,FGT-03,ALLOW,127.9.0.162,10.189.156.218,11755,22,TCP,173617,681654,3278,medium,internet-access,DE,MX
2026-03-17 10:32:52,FGT-03,ALLOW,4.13.204.57,61.193.150.39,32734,443,TCP,444593,867800,2328,low,internet-access,RU,BR
2026-03-17 23:54:20,FGT-01,ALLOW,10.124.249.203,10.160.100.221,56421,445,ICMP,225333,605075,3448,low,internet-access,CN,CN
2026-03-17 08:40:06,FGT-01,ALLOW,10.234.228.71,10.156.7.127,61615,443,UDP,204657,329800,1873,low,dmz-policy,KP,MX
2026-03-17 00:40:08,FGT-03,DENY,24.239.96.11,118.177.249.185,9035,443,ICMP,172090,225591,859,medium,internet-access,MX,CN
2026-03-17 07:12:57,FGT-02,DENY,10.59.69.179,10.215.178.166,20180,53,UDP,156420,609287,956,low,dmz-policy,RU,GB
2026-03-17 08:54:38,FGT-02,ALLOW,210.234.8.44,32.4.60.190,3851,443,UDP,482219,722348,3053,low,internet-access,PA,US
2026-03-17 06:46:41,FGT-03,ALLOW,10.4.181.94,10.159.147.115,61462,445,ICMP,53462,690751,2499,medium,vpn-split,KP,US
2026-03-17 02:57:56,FGT-02,ALLOW,179.212.14.78,23.72.85.56,11596,53,TCP,402479,174818,2736,low,internal-only,MX,GB
2026-03-17 15:36:37,FGT-02,DENY,10.127.24.205,181.144.124.196,19926,80,UDP,68267,871613,2420,high,dmz-policy,PA,US
2026-03-17 01:39:52,FGT-01,RESET,78.125.240.49,10.251.173.229,37964,22,UDP,168694,280014,1534,low,internet-access,GB,GB
2026-03-17 18:01:28,FGT-01,ALLOW,59.89.208.136,10.184.223.175,14496,53,TCP,276925,572299,312,high,internet-access,DE,RU
2026-03-17 07:15:01,FGT-01,ALLOW,10.219.71.38,10.198.204.228,7960,445,UDP,377613,451514,1208,critical,internal-only,RU,DE
2026-03-17 22:47:17,FGT-03,DENY,190.135.112.29,10.31.244.46,15286,53,ICMP,211012,347504,742,high,vpn-split,KP,RU
2026-03-17 15:55:09,FGT-03,ALLOW,209.180.79.193,10.111.209.108,45753,22,UDP,456873,752972,993,low,internal-only,IN,US
2026-03-17 15:44:31,FGT-02,RESET,10.88.76.123,10.207.205.254,39017,8080,UDP,32691,137844,36,medium,internal-only,US,DE
2026-03-17 01:06:07,FGT-02,ALLOW,208.133.48.130,111.68.203.114,41407,443,UDP,73167,568643,3299,high,internal-only,IN,BR
2026-03-17 03:18:17,FGT-03,DROP,10.12.234.160,10.217.22.3,12588,3389,TCP,347832,432227,1754,medium,dmz-policy,CN,US
2026-03-17 21:43:37,FGT-01,ALLOW,10.132.220.26,10.217.153.23,9068,53,TCP,65325,436311,2476,low,vpn-split,MX,US
2026-03-17 16:25:57,FGT-02,DENY,10.122.184.254,10.2.53.136,58419,53,TCP,4324,694454,1139,medium,dmz-policy,CN,KP
2026-03-17 08:43:25,FGT-02,DENY,60.225.111.208,215.186.35.65,26618,8080,ICMP,330360,672,2510,critical,dmz-policy,RU,KP
2026-03-17 02:56:29,FGT-02,DENY,61.43.210.104,10.222.206.180,36664,445,ICMP,482230,427351,1640,low,dmz-policy,CN,MX
2026-03-17 18:16:45,FGT-01,ALLOW,160.14.106.99,10.76.2.204,24945,8080,TCP,104513,304859,2481,medium,internet-access,BR,BR
2026-03-17 18:16:10,FGT-03,ALLOW,10.12.26.37,10.254.23.143,17665,80,UDP,13841,815740,518,low,internet-access,IN,US
2026-03-17 18:01:17,FGT-01,DROP,84.19.87.249,10.15.225.14,14612,53,ICMP,416149,623544,711,low,internet-access,BR,DE
2026-03-17 01:54:55,FGT-02,RESET,10.62.140.82,10.234.177.6,59278,443,UDP,194508,853885,2950,critical,dmz-policy,MX,IN
2026-03-17 08:09:45,FGT-01,ALLOW,118.210.171.101,10.223.245.210,16544,445,UDP,478119,972482,904,low,dmz-policy,US,IN
2026-03-17 09:30:35,FGT-01,ALLOW,10.186.186.114,171.19.91.189,3788,443,TCP,76323,677336,602,critical,dmz-policy,MX,CN
2026-03-17 23:06:14,FGT-01,DENY,10.29.15.152,10.242.200.171,11957,53,ICMP,168178,571360,1353,medium,vpn-split,PA,GB
2026-03-17 10:48:55,FGT-01,ALLOW,10.159.15.37,10.64.68.3,8115,443,ICMP,284934,192482,2693,medium,dmz-policy,RU,US
2026-03-17 04:36:55,FGT-02,ALLOW,10.29.70.13,10.189.149.74,8705,80,ICMP,19412,52971,41,low,internet-access,BR,MX
2026-03-17 15:45:34,FGT-01,DROP,122.220.189.46,10.34.88.251,21128,53,ICMP,135596,165375,2022,high,internet-access,PA,GB
2026-03-17 05:45:25,FGT-02,DROP,10.148.115.152,10.32.76.23,60276,53,TCP,297711,845497,3078,medium,internal-only,DE,GB
2026-03-17 00:18:46,FGT-02,DENY,44.154.62.140,10.111.89.65,8188,3389,UDP,293626,967983,2372,low,dmz-policy,DE,DE
2026-03-17 09:31:05,FGT-02,ALLOW,10.104.207.71,10.75.131.163,33404,80,TCP,14313,623232,1591,low,internal-only,US,MX
2026-03-17 02:48:24,FGT-01,RESET,10.159.149.140,10.54.170.222,47304,80,TCP,173386,1779,2408,medium,vpn-split,CN,CN
2026-03-17 22:52:47,FGT-01,ALLOW,3.189.66.240,126.123.177.188,59841,8080,TCP,93433,532912,2611,low,internet-access,RU,CN
2026-03-17 14:34:01,FGT-03,ALLOW,165.167.20.47,10.40.53.208,57266,445,UDP,41638,672070,1650,critical,internet-access,RU,GB
2026-03-17 19:47:15,FGT-02,DENY,10.9.148.84,32.26.127.143,55160,3389,TCP,115279,557311,766,low,internet-access,MX,US
2026-03-17 13:02:59,FGT-03,ALLOW,170.75.108.94,10.19.227.35,56132,445,ICMP,178622,983951,2287,low,internet-access,PA,DE
2026-03-17 07:08:18,FGT-01,ALLOW,10.85.137.203,10.70.177.61,49056,443,UDP,9462,871809,600,low,internet-access,PA,GB
2026-03-17 18:28:01,FGT-02,ALLOW,10.58.184.229,10.44.149.181,50632,8080,UDP,490933,989216,1893,low,vpn-split,GB,GB
2026-03-17 08:15:19,FGT-03,DROP,10.175.31.230,10.20.8.246,13674,443,ICMP,241873,619076,2339,low,vpn-split,US,GB
2026-03-17 05:54:02,FGT-03,ALLOW,124.100.42.144,10.236.12.73,17578,22,TCP,55750,176206,2681,medium,dmz-policy,MX,DE
2026-03-17 13:23:21,FGT-03,ALLOW,10.133.121.50,10.152.69.183,24770,8080,ICMP,60043,870105,1968,high,internet-access,MX,MX
2026-03-17 17:05:13,FGT-01,ALLOW,10.15.150.188,133.124.238.138,50148,80,ICMP,121534,219478,1597,high,vpn-split,PA,RU
2026-03-17 10:25:42,FGT-03,ALLOW,196.244.72.217,10.216.75.60,13833,53,TCP,287075,250787,2515,high,internal-only,PA,GB
2026-03-17 06:36:49,FGT-01,ALLOW,47.0.250.65,10.122.251.7,1280,443,ICMP,27345,295912,3129,medium,internal-only,MX,DE
2026-03-17 13:47:08,FGT-02,RESET,10.17.56.143,10.251.233.119,55527,3389,UDP,14845,759513,2985,low,dmz-policy,BR,DE
2026-03-17 08:28:39,FGT-01,ALLOW,10.47.130.41,120.124.251.221,31429,8080,TCP,206533,369046,450,low,vpn-split,US,RU
2026-03-17 11:38:47,FGT-03,ALLOW,10.187.36.53,10.64.47.127,31180,8080,UDP,257624,573533,3438,low,vpn-split,DE,MX
2026-03-17 01:22:31,FGT-02,ALLOW,10.230.253.68,89.234.229.209,32932,80,UDP,418545,624262,1583,low,vpn-split,KP,CN
2026-03-17 20:00:08,FGT-02,ALLOW,10.253.137.45,113.210.118.10,17462,445,ICMP,145266,895716,1177,high,internal-only,RU,CN
2026-03-17 23:05:28,FGT-01,DENY,10.101.8.252,34.186.232.215,41166,53,UDP,374894,498379,11,high,dmz-policy,RU,MX
2026-03-17 00:51:12,FGT-01,ALLOW,114.29.68.127,39.87.243.83,7323,443,TCP,80401,950434,3456,high,vpn-split,US,GB
2026-03-17 12:27:01,FGT-02,ALLOW,10.195.255.36,10.243.130.36,41634,445,UDP,439633,575980,2208,low,internal-only,CN,DE
2026-03-17 08:14:36,FGT-02,RESET,124.19.245.246,10.164.41.139,41416,22,UDP,408534,235753,2276,medium,internet-access,KP,GB
2026-03-17 10:45:57,FGT-03,ALLOW,184.208.138.213,10.85.101.154,12602,445,UDP,206865,651557,3350,medium,dmz-policy,PA,RU
2026-03-17 19:24:39,FGT-02,ALLOW,87.9.186.82,10.231.243.200,21759,80,UDP,77991,267642,520,high,internal-only,BR,GB
2026-03-17 20:22:39,FGT-02,ALLOW,10.189.7.8,10.167.212.10,37132,53,TCP,386507,662297,3034,medium,internet-access,IN,IN
2026-03-17 15:33:21,FGT-02,ALLOW,59.41.53.80,10.125.129.216,33472,445,UDP,392723,276735,1174,critical,internet-access,BR,IN
2026-03-17 17:15:20,FGT-02,ALLOW,10.248.232.24,10.188.240.39,47944,53,ICMP,484097,398870,2714,high,internet-access,CN,US
2026-03-17 16:18:25,FGT-02,ALLOW,10.218.68.101,171.161.97.197,4062,80,TCP,322662,150478,1900,low,internet-access,MX,DE
2026-03-17 08:16:16,FGT-02,DENY,10.83.139.230,10.227.65.154,62309,445,ICMP,347528,422716,2435,low,internal-only,IN,US
2026-03-17 10:50:54,FGT-02,ALLOW,10.228.121.191,10.46.241.16,12225,445,ICMP,290921,53350,1557,low,internal-only,RU,US
2026-03-17 22:16:44,FGT-02,ALLOW,10.129.72.111,10.78.246.56,20367,8080,UDP,57187,787984,69,low,internal-only,RU,MX
2026-03-17 04:04:17,FGT-02,ALLOW,26.231.108.152,177.219.45.68,17247,3389,TCP,143510,436700,3160,medium,vpn-split,US,KP
2026-03-17 07:04:48,FGT-01,ALLOW,218.125.37.86,10.227.240.193,22801,80,ICMP,21386,845493,3184,low,dmz-policy,US,KP
2026-03-17 11:11:00,FGT-02,DROP,34.19.29.9,177.165.183.156,20410,53,UDP,478726,774602,1981,medium,vpn-split,BR,GB
2026-03-17 22:12:11,FGT-01,DENY,38.207.88.158,10.165.156.207,22548,53,UDP,50536,264573,3324,medium,internal-only,BR,BR
2026-03-17 18:52:07,FGT-03,ALLOW,10.18.195.183,10.62.100.101,8085,445,ICMP,166143,724163,2346,low,internal-only,KP,US
2026-03-17 18:32:02,FGT-01,ALLOW,199.30.227.159,10.128.211.254,56716,53,TCP,293771,610924,1234,low,vpn-split,BR,RU
2026-03-17 11:55:02,FGT-01,ALLOW,203.94.50.46,10.166.83.15,31021,80,UDP,366378,719466,568,low,internal-only,CN,MX
2026-03-17 05:23:47,FGT-02,ALLOW,10.126.27.233,10.27.217.147,10368,22,TCP,294538,883130,2615,medium,internal-only,KP,US
2026-03-17 09:41:20,FGT-01,DENY,10.204.27.138,10.226.122.209,12167,445,TCP,85793,616468,1772,low,internet-access,MX,CN
2026-03-17 21:57:46,FGT-02,ALLOW,189.0.20.158,10.238.204.159,25925,443,TCP,477633,399068,540,high,vpn-split,BR,BR
2026-03-17 23:39:44,FGT-02,ALLOW,10.220.187.213,28.215.167.214,46326,8080,UDP,498068,755248,1341,low,internet-access,IN,DE
2026-03-17 09:15:01,FGT-03,ALLOW,10.176.221.229,10.45.237.23,24023,3389,TCP,253834,547212,3486,low,vpn-split,PA,KP
2026-03-17 20:12:07,FGT-01,DROP,86.226.7.60,10.194.184.145,59427,53,UDP,413675,263596,1530,medium,internet-access,DE,RU
2026-03-17 01:34:44,FGT-03,DENY,10.10.69.49,10.97.99.226,39159,8080,TCP,389227,508640,2644,medium,dmz-policy,US,KP
2026-03-17 23:30:18,FGT-02,ALLOW,10.66.85.17,10.248.221.77,34683,8080,TCP,435147,493159,3140,high,dmz-policy,RU,PA
2026-03-17 03:01:24,FGT-01,ALLOW,57.134.3.229,10.246.137.73,34253,445,ICMP,414479,49884,2809,high,vpn-split,MX,KP
2026-03-17 01:01:56,FGT-02,ALLOW,10.51.28.228,10.47.234.44,4681,8080,TCP,121116,578040,2954,low,internal-only,DE,PA
2026-03-17 05:00:55,FGT-03,ALLOW,10.195.198.157,104.228.160.6,6191,80,ICMP,265812,304923,1405,low,internal-only,DE,KP
2026-03-17 14:44:03,FGT-01,ALLOW,106.218.152.23,101.208.14.186,10129,445,ICMP,132521,187162,270,low,internet-access,RU,BR
2026-03-17 08:03:28,FGT-01,DENY,124.245.166.254,53.93.233.69,10348,53,UDP,498125,631065,2346,low,internet-access,RU,DE
2026-03-17 11:14:06,FGT-01,ALLOW,66.83.144.245,10.169.129.36,62593,53,TCP,99513,774093,1449,low,internal-only,GB,CN
2026-03-17 04:15:03,FGT-03,ALLOW,63.180.139.26,10.111.63.105,38938,3389,UDP,110326,752204,925,high,internal-only,BR,KP
2026-03-17 23:00:15,FGT-01,DENY,10.93.87.223,171.248.75.95,49628,443,ICMP,323087,11515,264,high,internal-only,RU,IN
2026-03-17 17:16:56,FGT-01,DENY,10.78.74.117,10.160.219.217,43526,53,ICMP,232201,624998,2896,high,internal-only,PA,CN
2026-03-17 23:13:24,FGT-02,DROP,10.217.38.75,120.26.79.142,52700,22,ICMP,447303,674134,2814,high,dmz-policy,IN,MX
2026-03-17 22:45:14,FGT-01,DROP,12.204.199.109,10.59.207.98,43593,53,ICMP,361603,168365,2552,low,vpn-split,RU,CN
2026-03-17 03:01:55,FGT-02,DENY,10.25.0.101,10.40.94.192,60431,3389,TCP,375472,419276,1475,low,internet-access,PA,US
2026-03-17 14:15:50,FGT-02,RESET,10.121.2.225,10.138.150.55,62987,443,UDP,391359,593729,71,low,vpn-split,KP,GB
2026-03-17 16:16:47,FGT-01,ALLOW,10.102.0.175,10.160.7.32,53891,3389,UDP,247828,306189,641,medium,vpn-split,US,US
2026-03-17 11:33:21,FGT-03,ALLOW,10.87.189.55,10.94.177.145,11642,53,UDP,142822,298702,95,high,internet-access,CN,DE
2026-03-17 18:48:37,FGT-02,ALLOW,78.68.119.88,10.245.25.127,57080,445,UDP,118539,791306,1297,high,vpn-split,BR,RU
2026-03-17 04:31:43,FGT-03,ALLOW,10.110.56.145,10.22.69.152,15741,22,ICMP,324475,451424,2793,high,internal-only,US,DE
2026-03-17 01:16:57,FGT-03,ALLOW,10.86.30.194,10.36.206.9,46426,443,TCP,457646,720057,168,medium,internet-access,GB,US
2026-03-17 01:19:49,FGT-03,DROP,21.2.127.51,10.202.42.60,45872,80,TCP,136119,7420,2913,medium,internal-only,MX,IN
2026-03-17 08:34:00,FGT-02,ALLOW,27.178.7.208,10.74.166.54,55158,8080,TCP,79765,811519,2496,high,dmz-policy,US,BR
2026-03-17 06:44:26,FGT-01,ALLOW,10.189.15.165,10.78.76.234,15473,443,UDP,276394,220306,1150,low,internal-only,RU,US
2026-03-17 07:22:30,FGT-02,ALLOW,17.214.85.141,10.19.103.31,20395,3389,TCP,90750,296014,1757,high,internal-only,US,DE
2026-03-17 00:59:52,FGT-02,ALLOW,10.202.225.42,130.12.15.97,44032,443,TCP,497618,525432,434,low,internet-access,RU,MX
2026-03-17 05:49:01,FGT-01,ALLOW,10.187.136.164,10.153.27.175,60485,445,TCP,406119,561037,3461,low,internet-access,BR,PA
2026-03-17 11:26:49,FGT-01,ALLOW,10.191.111.215,10.186.191.235,62685,8080,UDP,59514,864341,1414,low,internal-only,MX,US
2026-03-17 02:23:51,FGT-02,DENY,143.170.66.215,10.169.147.180,30061,80,UDP,117373,248219,1030,medium,internal-only,GB,MX
2026-03-17 17:54:00,FGT-03,ALLOW,10.165.191.73,126.28.33.57,2573,22,UDP,346155,827664,587,medium,internet-access,KP,GB
2026-03-17 04:37:17,FGT-02,ALLOW,10.231.39.136,10.101.40.199,24265,8080,TCP,491801,912722,3128,low,vpn-split,DE,KP
2026-03-17 03:34:12,FGT-01,DROP,200.106.125.196,10.248.74.220,6651,8080,TCP,20963,616142,3045,high,vpn-split,BR,IN
2026-03-17 09:58:19,FGT-01,DENY,10.198.239.169,10.171.182.223,18865,445,ICMP,117465,573532,2946,low,internet-access,GB,BR
2026-03-17 03:41:19,FGT-01,ALLOW,10.73.240.47,10.226.111.79,21811,53,UDP,176126,747310,753,low,internet-access,BR,GB
2026-03-17 22:18:10,FGT-01,DENY,151.92.64.10,10.229.201.175,24177,3389,ICMP,268865,243984,3066,medium,internal-only,PA,KP
2026-03-17 01:33:27,FGT-03,ALLOW,10.83.132.30,127.174.30.111,13232,8080,TCP,346078,328263,1314,low,vpn-split,PA,IN
2026-03-17 19:11:10,FGT-02,DENY,10.227.97.143,195.149.40.21,23887,80,ICMP,9414,664106,3341,medium,dmz-policy,US,DE
2026-03-17 06:49:16,FGT-02,DENY,10.118.182.83,115.37.18.221,7836,22,UDP,458050,347616,3119,low,dmz-policy,BR,GB
2026-03-17 03:12:42,FGT-03,ALLOW,10.27.165.163,10.229.223.184,23422,53,ICMP,131690,695876,2834,medium,vpn-split,US,DE
2026-03-17 02:56:21,FGT-03,ALLOW,10.115.200.87,10.56.161.144,32009,22,UDP,465085,7687,3205,high,internal-only,PA,US
2026-03-17 06:14:38,FGT-02,ALLOW,10.27.61.180,29.117.37.145,54012,443,ICMP,9965,177659,1872,medium,internal-only,CN,MX
2026-03-17 15:02:31,FGT-02,DENY,10.80.152.143,10.124.26.207,56583,22,ICMP,81672,563951,1614,medium,internal-only,DE,BR
2026-03-17 01:57:13,FGT-02,ALLOW,59.59.2.219,10.25.215.144,33001,3389,TCP,431268,353361,726,medium,internet-access,PA,BR
2026-03-17 13:47:47,FGT-01,DENY,213.182.95.179,10.198.32.4,13626,443,ICMP,381040,181192,2790,low,internet-access,KP,BR
2026-03-17 16:39:51,FGT-03,ALLOW,216.220.152.223,10.38.217.82,36047,3389,ICMP,156691,526993,3144,medium,internet-access,US,PA
2026-03-17 06:28:49,FGT-01,ALLOW,211.174.14.193,80.66.221.205,28516,22,UDP,106208,598166,596,low,vpn-split,US,BR
2026-03-17 22:57:29,FGT-03,ALLOW,104.175.147.48,10.30.117.17,7221,443,ICMP,326015,494260,3485,low,internet-access,RU,US
2026-03-17 19:42:11,FGT-02,ALLOW,10.158.103.212,159.79.30.11,36506,443,TCP,468711,288631,317,low,internet-access,MX,MX
2026-03-17 16:47:02,FGT-02,ALLOW,11.14.167.225,10.133.49.157,9487,53,TCP,117663,270499,1146,high,internal-only,IN,DE
2026-03-17 05:55:52,FGT-02,RESET,40.228.217.6,10.215.79.170,20198,443,TCP,256107,620070,1884,low,dmz-policy,KP,KP
2026-03-17 11:46:01,FGT-01,ALLOW,10.62.221.254,190.102.241.66,52403,445,UDP,467889,993857,2360,medium,dmz-policy,GB,PA
2026-03-17 03:37:34,FGT-03,RESET,10.172.211.121,10.107.203.186,53646,445,UDP,59847,999320,1415,high,vpn-split,RU,IN
2026-03-17 10:22:22,FGT-03,ALLOW,10.114.137.252,10.178.123.203,35543,445,ICMP,169385,551513,1145,low,internet-access,DE,GB
2026-03-17 03:21:39,FGT-02,ALLOW,196.128.139.110,27.90.48.227,31702,22,ICMP,425162,875164,887,low,vpn-split,DE,IN
2026-03-17 06:42:52,FGT-01,ALLOW,10.158.217.22,10.160.212.53,24976,80,TCP,14692,886603,850,medium,dmz-policy,GB,MX
2026-03-17 12:20:33,FGT-02,ALLOW,10.35.15.181,10.43.62.68,34521,8080,TCP,232528,303192,2466,medium,vpn-split,US,MX
2026-03-17 16:48:02,FGT-01,DENY,217.120.24.233,10.38.89.59,38616,53,ICMP,47402,91239,1665,low,internal-only,PA,KP
2026-03-17 20:58:02,FGT-02,ALLOW,10.147.100.228,10.75.38.194,9610,443,UDP,390417,699324,1075,medium,internal-only,KP,CN
2026-03-17 01:33:50,FGT-01,ALLOW,10.155.234.33,10.29.242.86,64820,22,TCP,69694,701220,1819,low,vpn-split,KP,RU
2026-03-17 11:56:32,FGT-03,DENY,10.94.95.77,102.242.24.19,55572,445,UDP,234135,711216,464,low,internet-access,RU,PA
2026-03-17 19:19:59,FGT-02,ALLOW,53.206.79.39,10.174.113.142,62361,22,TCP,237982,348269,1502,critical,vpn-split,US,DE
2026-03-17 18:30:56,FGT-03,ALLOW,85.250.183.228,10.40.63.149,42101,443,TCP,386488,316430,1328,low,internal-only,US,BR
2026-03-17 23:26:19,FGT-01,ALLOW,10.174.17.4,56.86.13.86,47472,53,TCP,319370,895955,419,low,internet-access,MX,BR
2026-03-17 15:29:17,FGT-03,DROP,10.243.13.233,188.29.231.55,33472,443,TCP,336801,541592,1079,medium,vpn-split,US,BR
2026-03-17 07:16:22,FGT-03,ALLOW,102.142.217.53,10.67.186.174,23378,8080,UDP,191078,486286,1983,low,dmz-policy,DE,GB
2026-03-17 01:02:16,FGT-01,ALLOW,26.3.62.29,56.121.8.193,15848,53,TCP,211098,67236,1585,medium,internet-access,US,BR
2026-03-17 13:25:19,FGT-02,DENY,113.95.134.104,10.97.235.16,6315,22,ICMP,107177,839818,3411,medium,vpn-split,PA,MX
2026-03-17 05:53:26,FGT-03,ALLOW,153.162.231.123,23.238.168.28,38301,53,ICMP,322447,76582,1225,low,internal-only,PA,CN
2026-03-17 18:27:23,FGT-01,ALLOW,10.20.49.22,10.97.192.191,34137,80,ICMP,346119,755947,2418,low,internal-only,MX,MX
2026-03-17 11:50:09,FGT-03,DROP,22.83.81.142,63.98.63.22,37716,3389,UDP,82860,544287,1519,medium,dmz-policy,DE,CN
2026-03-17 19:33:19,FGT-01,DENY,10.182.166.7,10.206.106.45,14236,53,UDP,71561,452742,1995,low,internet-access,CN,US
2026-03-17 10:54:29,FGT-01,ALLOW,10.211.231.23,37.202.57.220,50454,3389,ICMP,321679,253502,1457,medium,internet-access,PA,CN
2026-03-17 05:13:23,FGT-03,DENY,89.246.169.19,10.136.87.226,42949,53,TCP,432155,772556,333,medium,internet-access,GB,GB
2026-03-17 23:24:24,FGT-03,ALLOW,212.116.218.242,10.104.199.102,47060,22,ICMP,137243,615018,1763,low,internet-access,BR,US
2026-03-17 18:19:47,FGT-03,DROP,151.16.212.97,34.170.252.95,19996,3389,TCP,407594,39329,3354,high,internet-access,CN,DE
2026-03-17 23:50:48,FGT-03,DROP,186.246.233.80,10.61.60.177,16080,445,TCP,335592,35086,622,low,internet-access,DE,KP
2026-03-17 22:57:01,FGT-02,ALLOW,10.118.248.157,10.246.238.67,8656,3389,ICMP,31491,51855,704,low,vpn-split,KP,RU
2026-03-17 05:43:33,FGT-02,DENY,131.217.176.16,10.73.147.237,19600,443,TCP,235989,570881,315,high,vpn-split,DE,DE
2026-03-17 16:55:10,FGT-02,ALLOW,10.207.90.112,10.193.150.52,43599,80,UDP,5535,160156,532,medium,vpn-split,CN,BR
2026-03-17 04:49:33,FGT-02,ALLOW,194.105.148.113,10.198.199.18,18135,443,ICMP,332953,130919,1557,low,internet-access,BR,CN
2026-03-17 14:33:33,FGT-02,ALLOW,10.196.186.47,10.252.115.218,29316,53,UDP,161889,299757,2160,medium,dmz-policy,MX,CN
2026-03-17 23:34:01,FGT-03,ALLOW,180.89.122.170,10.81.197.161,1529,443,TCP,497075,776299,1976,high,internet-access,US,RU
2026-03-17 08:59:04,FGT-03,DENY,50.61.231.176,10.145.131.118,4136,22,UDP,81011,78268,1821,low,dmz-policy,CN,MX
2026-03-17 08:58:09,FGT-01,ALLOW,191.174.73.100,10.149.138.32,63642,22,UDP,340972,254750,2354,high,dmz-policy,US,US
2026-03-17 12:34:15,FGT-01,ALLOW,10.160.94.161,10.176.170.227,15894,80,ICMP,194124,772373,953,medium,internal-only,IN,RU
2026-03-17 08:50:59,FGT-01,DENY,176.212.117.203,139.136.92.81,19853,3389,ICMP,334875,76414,3198,medium,vpn-split,RU,MX
2026-03-17 14:59:54,FGT-01,ALLOW,160.0.198.111,10.83.62.55,48670,3389,TCP,304656,503768,1133,medium,internal-only,US,KP
2026-03-17 08:39:26,FGT-01,DENY,10.101.116.181,10.134.87.58,16330,22,TCP,438013,392645,1726,medium,vpn-split,US,RU
2026-03-17 17:01:25,FGT-01,ALLOW,94.48.12.126,10.87.0.83,58906,445,UDP,31512,538226,533,low,dmz-policy,GB,RU
2026-03-17 18:12:42,FGT-03,RESET,177.77.151.177,10.82.49.195,16390,80,TCP,322660,183903,1610,medium,internet-access,BR,KP
2026-03-17 10:55:00,FGT-02,DENY,165.155.200.77,10.82.253.152,41463,53,ICMP,259672,520096,2340,low,dmz-policy,RU,CN
2026-03-17 21:37:19,FGT-03,ALLOW,10.149.159.253,10.120.203.225,46659,8080,ICMP,221694,919189,1023,low,internal-only,KP,CN
2026-03-17 14:33:14,FGT-02,ALLOW,77.70.63.248,154.254.22.154,23490,22,ICMP,143563,205531,2217,low,internet-access,DE,CN
2026-03-17 17:33:19,FGT-02,ALLOW,10.133.36.65,34.178.144.5,20763,443,TCP,348920,62292,3355,low,internal-only,US,CN
2026-03-17 09:35:14,FGT-03,ALLOW,223.226.155.12,10.143.167.248,16032,3389,TCP,489500,400380,1347,medium,vpn-split,PA,PA
2026-03-17 23:09:12,FGT-01,ALLOW,86.219.117.4,10.34.62.92,49837,53,ICMP,450029,746512,3301,low,dmz-policy,CN,US
2026-03-17 21:59:28,FGT-03,DENY,10.169.85.134,10.3.152.96,28633,443,TCP,370755,80473,1640,medium,dmz-policy,RU,PA
2026-03-17 12:14:15,FGT-03,ALLOW,2.148.198.61,146.222.96.125,25684,80,TCP,78584,127682,192,medium,dmz-policy,US,CN
2026-03-17 06:45:46,FGT-02,DENY,138.221.131.130,44.199.8.53,42097,22,UDP,263742,254687,3187,medium,dmz-policy,DE,IN
2026-03-17 18:10:17,FGT-03,ALLOW,10.58.150.216,10.12.231.69,29969,80,TCP,162695,969643,2383,low,internet-access,GB,CN
2026-03-17 06:06:09,FGT-01,ALLOW,52.165.242.106,10.15.140.32,51042,443,UDP,114031,98410,86,low,internal-only,MX,GB
2026-03-17 17:13:53,FGT-03,ALLOW,215.33.254.221,10.160.87.206,22438,22,TCP,73794,651141,766,low,internet-access,IN,KP
2026-03-17 13:54:33,FGT-03,ALLOW,10.168.126.177,10.148.49.95,50188,22,ICMP,346372,900883,384,critical,dmz-policy,BR,CN
2026-03-17 07:05:29,FGT-01,ALLOW,103.132.57.14,10.126.54.136,5431,22,ICMP,80942,479607,3035,medium,internal-only,IN,BR
2026-03-17 02:36:50,FGT-03,ALLOW,10.221.118.241,10.172.9.206,19568,8080,TCP,249178,266292,2907,medium,internal-only,US,KP
2026-03-17 01:25:20,FGT-01,ALLOW,10.110.121.106,10.99.173.67,59515,53,TCP,239712,192126,710,low,internet-access,CN,MX
2026-03-17 10:25:35,FGT-03,DENY,183.218.8.1,27.142.72.217,44695,445,UDP,461236,203338,2975,low,internet-access,PA,RU
2026-03-17 16:51:58,FGT-03,DROP,114.41.148.5,10.164.178.176,62636,22,UDP,368896,742731,1720,low,internal-only,DE,DE
2026-03-17 02:56:45,FGT-02,DENY,10.227.77.76,10.162.241.236,14870,22,UDP,378918,61022,452,low,internal-only,PA,CN
2026-03-17 12:40:04,FGT-01,ALLOW,10.228.63.237,10.154.242.97,43888,8080,UDP,96203,295224,148,medium,vpn-split,MX,CN
2026-03-17 20:47:43,FGT-02,DENY,134.40.255.143,10.31.98.30,22708,3389,UDP,418066,908180,1410,high,dmz-policy,MX,MX
2026-03-17 08:26:05,FGT-02,DENY,34.10.145.200,10.231.46.215,42113,3389,TCP,94229,874686,3521,high,internet-access,PA,BR
2026-03-17 21:43:36,FGT-02,DENY,10.83.71.194,55.237.85.142,43670,80,UDP,365970,428972,1924,low,vpn-split,MX,RU
2026-03-17 06:15:22,FGT-01,DENY,47.149.73.118,10.173.199.200,24502,443,ICMP,227139,332811,670,low,internet-access,MX,KP
2026-03-17 05:38:17,FGT-03,ALLOW,10.143.124.151,10.22.186.207,41690,22,TCP,51688,900171,896,low,internal-only,US,US
2026-03-17 13:57:39,FGT-03,ALLOW,10.41.99.191,10.23.119.43,51529,445,UDP,46258,368184,330,low,internet-access,US,PA
2026-03-17 16:44:49,FGT-03,RESET,122.167.14.207,10.65.117.45,20148,8080,UDP,100445,305881,927,low,vpn-split,RU,RU
2026-03-17 02:35:22,FGT-03,DENY,10.77.234.31,10.14.101.219,44742,53,UDP,187986,575404,983,medium,dmz-policy,US,BR
2026-03-17 15:32:00,FGT-03,DROP,127.237.162.221,10.125.14.52,11916,445,UDP,319079,838270,2545,low,vpn-split,RU,MX
2026-03-17 18:17:18,FGT-01,ALLOW,190.214.196.82,10.76.39.129,55795,53,UDP,213327,992719,1646,medium,internet-access,KP,GB
2026-03-17 03:53:57,FGT-03,ALLOW,10.172.32.23,10.1.223.85,57183,22,ICMP,342305,818949,1909,medium,internal-only,MX,GB
2026-03-17 20:31:16,FGT-03,ALLOW,125.36.188.199,10.72.33.194,49810,8080,ICMP,273678,723927,2987,low,dmz-policy,BR,RU
2026-03-17 20:43:03,FGT-03,ALLOW,10.249.42.180,10.151.87.72,10662,80,UDP,241251,182896,2685,medium,dmz-policy,US,CN
2026-03-17 14:02:57,FGT-03,DENY,20.4.15.250,10.120.98.118,3975,22,UDP,137617,289559,46,high,dmz-policy,RU,US
2026-03-17 03:11:52,FGT-01,ALLOW,10.174.117.130,10.195.178.19,27824,80,ICMP,449680,976162,3220,critical,vpn-split,DE,CN
2026-03-17 18:30:46,FGT-01,ALLOW,146.40.95.130,10.24.231.222,21654,53,ICMP,84117,729495,1845,low,dmz-policy,CN,DE
2026-03-17 22:16:30,FGT-02,ALLOW,222.130.131.240,10.79.245.195,40268,8080,ICMP,225882,381589,112,low,internal-only,KP,PA
2026-03-17 15:42:35,FGT-02,DENY,77.235.202.205,177.238.72.238,34973,445,ICMP,134233,667615,3492,critical,dmz-policy,IN,US
2026-03-17 09:56:52,FGT-02,ALLOW,93.130.247.154,10.218.92.145,23133,80,UDP,132321,318251,2038,medium,dmz-policy,RU,GB
2026-03-17 16:18:16,FGT-03,DENY,10.224.111.225,5.148.111.7,50455,443,ICMP,417260,154360,1939,high,vpn-split,BR,DE
2026-03-17 03:54:48,FGT-01,DENY,157.138.66.134,10.251.0.193,16892,22,UDP,68151,834470,940,critical,vpn-split,CN,BR
2026-03-17 06:09:02,FGT-02,DROP,10.78.30.108,108.56.230.75,16969,8080,UDP,404660,517694,881,low,dmz-policy,DE,US
2026-03-17 06:48:20,FGT-02,RESET,10.184.160.221,159.207.194.59,33338,445,TCP,39718,229884,2706,low,dmz-policy,IN,IN
2026-03-17 23:29:22,FGT-03,ALLOW,10.2.217.179,10.121.167.250,26823,53,UDP,53020,103094,373,medium,internal-only,GB,PA
2026-03-17 19:54:16,FGT-03,ALLOW,30.160.103.19,10.74.158.129,48774,80,UDP,169568,164591,2668,low,dmz-policy,DE,BR
2026-03-17 05:55:45,FGT-01,DROP,10.137.16.209,10.213.73.210,22469,80,TCP,461884,83984,2305,high,vpn-split,KP,CN
2026-03-17 06:46:40,FGT-01,ALLOW,10.120.121.188,161.1.66.227,59540,3389,ICMP,249795,206242,2137,low,internet-access,IN,MX
2026-03-17 12:03:30,FGT-03,DENY,10.251.70.219,44.197.20.114,7463,443,TCP,463800,634136,2522,critical,vpn-split,RU,BR
2026-03-17 21:42:11,FGT-01,DENY,10.119.213.210,204.131.34.115,36798,443,TCP,342532,768018,416,high,internal-only,PA,DE
2026-03-17 02:44:53,FGT-01,ALLOW,109.145.111.144,10.246.31.2,56765,53,TCP,447989,477538,1089,low,vpn-split,DE,CN
2026-03-17 16:33:38,FGT-02,ALLOW,10.186.169.84,55.123.86.161,9037,80,UDP,118048,275454,2930,low,internet-access,RU,MX
2026-03-17 04:37:30,FGT-01,ALLOW,216.55.100.65,59.111.16.221,7615,3389,UDP,149190,792024,767,low,vpn-split,BR,US
2026-03-17 02:35:16,FGT-03,DENY,222.116.13.62,10.98.236.168,12550,445,ICMP,397987,714613,1438,low,vpn-split,MX,IN
2026-03-17 03:34:35,FGT-03,ALLOW,10.91.89.36,10.252.67.137,43893,8080,TCP,450574,371260,3561,low,vpn-split,CN,PA
2026-03-17 06:10:19,FGT-02,DROP,10.216.146.186,10.27.215.168,25376,80,UDP,241370,133516,2786,low,internal-only,DE,PA
2026-03-17 12:48:53,FGT-02,ALLOW,12.12.88.194,77.97.107.234,38438,22,ICMP,107470,737375,1069,critical,vpn-split,PA,KP
2026-03-17 04:01:12,FGT-01,ALLOW,105.71.234.146,147.69.208.215,63321,8080,ICMP,179076,856724,1917,low,internal-only,GB,US
2026-03-17 04:33:54,FGT-03,ALLOW,99.0.100.138,10.57.200.125,25196,443,TCP,346117,717839,2728,medium,internal-only,RU,RU
2026-03-17 03:45:22,FGT-02,RESET,10.17.120.54,10.245.239.204,50936,3389,ICMP,4333,512851,2989,medium,dmz-policy,PA,KP
2026-03-17 14:24:51,FGT-01,ALLOW,203.7.239.251,10.59.252.100,17545,3389,ICMP,442492,77102,2508,low,dmz-policy,IN,IN
2026-03-17 16:23:01,FGT-02,DROP,178.197.40.69,56.3.70.233,24517,22,ICMP,35195,251028,1968,high,dmz-policy,BR,IN
2026-03-17 15:34:15,FGT-01,ALLOW,10.168.21.127,10.49.201.163,14715,80,TCP,358381,821797,2388,medium,internal-only,CN,PA
2026-03-17 03:32:36,FGT-01,DENY,64.74.35.153,10.40.193.193,4310,445,ICMP,204004,722064,1188,low,internet-access,PA,US
2026-03-17 02:33:52,FGT-01,DENY,10.235.246.111,10.159.210.235,50905,53,ICMP,433704,622102,2245,low,vpn-split,RU,GB
2026-03-17 22:21:21,FGT-02,ALLOW,10.47.42.3,10.173.214.99,8702,80,ICMP,60024,603250,1115,medium,vpn-split,KP,PA
2026-03-17 17:07:24,FGT-02,ALLOW,162.132.115.41,9.236.247.178,59347,443,UDP,109721,583609,3090,low,internal-only,RU,BR
2026-03-17 16:16:31,FGT-02,ALLOW,11.217.10.225,85.194.52.152,29559,53,ICMP,498241,671617,354,medium,vpn-split,US,BR
2026-03-17 00:18:37,FGT-02,ALLOW,10.102.138.132,66.157.166.70,44408,445,ICMP,145743,399069,370,low,dmz-policy,US,US
2026-03-17 08:48:16,FGT-03,DROP,10.219.203.120,194.154.118.237,61056,8080,ICMP,118347,853712,2107,medium,dmz-policy,MX,MX
2026-03-17 11:21:12,FGT-03,ALLOW,37.210.240.211,10.63.83.45,6592,3389,UDP,275968,167382,2318,medium,vpn-split,PA,PA
2026-03-17 15:37:18,FGT-02,DENY,10.80.38.34,10.176.170.167,10164,80,ICMP,135953,776764,1048,medium,internal-only,RU,BR
2026-03-17 16:30:10,FGT-02,ALLOW,10.140.141.95,178.172.188.21,45313,3389,ICMP,29876,680032,2365,low,internet-access,KP,PA
2026-03-17 01:20:22,FGT-02,DENY,10.219.151.189,10.12.244.129,58155,8080,ICMP,339635,516145,754,low,internet-access,CN,IN
2026-03-17 01:30:42,FGT-02,ALLOW,10.155.205.145,123.11.42.99,21261,3389,ICMP,129736,354342,1826,low,internal-only,PA,BR
2026-03-17 08:49:00,FGT-01,ALLOW,10.133.155.156,10.71.40.94,43916,22,TCP,12297,480406,2375,low,vpn-split,DE,US
2026-03-17 09:51:17,FGT-02,DENY,119.198.196.9,10.216.170.84,61868,22,TCP,249427,380858,321,low,dmz-policy,MX,KP
2026-03-17 11:08:13,FGT-02,DENY,6.2.101.225,212.51.253.189,14873,443,ICMP,9369,852609,1611,low,dmz-policy,DE,DE
2026-03-17 06:10:04,FGT-01,ALLOW,10.99.54.11,188.193.87.223,42330,3389,ICMP,35557,336297,536,low,internal-only,DE,RU
2026-03-17 16:48:35,FGT-01,RESET,190.203.42.46,10.55.108.223,42185,80,TCP,88310,533415,1372,high,internet-access,RU,CN
2026-03-17 08:00:19,FGT-02,ALLOW,11.120.151.84,110.232.240.55,18308,8080,UDP,145562,929181,665,low,vpn-split,US,DE
2026-03-17 07:57:18,FGT-02,ALLOW,10.44.38.152,10.147.234.39,16379,53,UDP,335848,982164,974,low,internal-only,CN,DE
2026-03-17 16:42:10,FGT-01,ALLOW,201.69.130.66,10.173.77.242,13811,8080,TCP,319585,294341,444,low,internal-only,GB,DE
2026-03-17 07:23:35,FGT-02,RESET,10.13.41.129,10.11.8.156,24160,80,UDP,455304,13451,1142,medium,internal-only,KP,RU
2026-03-17 21:39:14,FGT-03,ALLOW,198.131.17.125,156.200.132.220,28062,445,TCP,467701,779713,1510,medium,vpn-split,RU,DE
2026-03-17 04:53:58,FGT-03,DENY,10.127.1.212,10.208.116.146,21704,8080,TCP,158924,311521,2042,medium,vpn-split,CN,RU
2026-03-17 08:17:50,FGT-01,ALLOW,10.225.75.236,10.211.145.60,55259,53,ICMP,461946,30465,806,medium,internet-access,GB,IN
2026-03-17 06:18:33,FGT-02,DENY,45.135.69.98,198.100.219.162,40433,445,TCP,294018,579884,1155,low,vpn-split,RU,RU
2026-03-17 23:22:19,FGT-03,ALLOW,140.165.95.239,104.132.245.85,16070,445,TCP,437943,352543,321,medium,internet-access,GB,MX
2026-03-17 13:43:09,FGT-03,DENY,125.93.137.243,55.29.43.205,1264,445,UDP,495789,361629,2006,low,internet-access,US,CN
2026-03-17 13:03:43,FGT-01,ALLOW,10.189.241.15,10.113.105.196,64222,3389,UDP,442714,655629,575,high,vpn-split,KP,KP
2026-03-17 13:28:27,FGT-02,DENY,87.180.8.18,10.168.53.62,58478,3389,ICMP,2175,681244,120,medium,vpn-split,KP,IN
2026-03-17 17:48:04,FGT-01,DENY,10.171.53.137,181.55.33.225,62931,445,UDP,308812,131570,2567,low,vpn-split,KP,RU
2026-03-17 16:15:30,FGT-01,DENY,10.6.212.47,10.32.173.167,34569,22,TCP,116717,256018,1021,low,internet-access,BR,IN
2026-03-17 10:29:37,FGT-03,ALLOW,216.178.252.119,10.88.133.88,26049,22,ICMP,6305,596180,2419,low,internet-access,KP,GB
2026-03-17 20:49:48,FGT-03,ALLOW,10.81.65.70,10.154.143.155,64253,8080,TCP,363528,705203,480,low,internet-access,DE,GB
2026-03-17 22:39:39,FGT-02,DENY,10.50.227.118,185.67.192.100,56736,53,ICMP,313063,478237,1688,medium,internet-access,GB,DE
2026-03-17 19:56:05,FGT-03,DROP,10.104.47.11,10.98.142.144,58852,8080,UDP,262777,359282,905,high,internal-only,PA,RU
2026-03-17 09:05:53,FGT-02,DENY,10.77.204.74,10.169.174.24,36038,8080,UDP,10411,729427,590,high,internal-only,BR,MX
2026-03-17 04:03:02,FGT-01,ALLOW,10.99.58.226,10.229.196.42,42335,445,ICMP,10111,544707,721,high,internal-only,CN,CN
2026-03-17 15:47:18,FGT-02,DROP,10.35.38.132,156.57.6.191,15031,80,TCP,410056,33120,2038,low,dmz-policy,BR,US
2026-03-17 21:37:23,FGT-03,DENY,99.105.235.104,10.61.99.197,54841,22,TCP,304314,444755,3285,high,internet-access,KP,BR
2026-03-17 12:49:22,FGT-01,ALLOW,37.26.140.153,218.255.107.132,20124,80,UDP,109672,526257,2419,medium,internet-access,PA,KP
2026-03-17 05:29:01,FGT-01,DENY,10.110.187.180,10.244.160.28,10309,8080,TCP,115845,875088,1150,low,dmz-policy,IN,RU
2026-03-17 16:44:22,FGT-02,DROP,141.55.26.23,10.23.50.15,37260,443,UDP,8590,192303,478,high,internal-only,RU,US
2026-03-17 23:49:41,FGT-02,ALLOW,10.62.244.31,10.127.203.179,44625,3389,TCP,102480,807439,2209,low,vpn-split,MX,CN
2026-03-17 02:54:21,FGT-03,ALLOW,10.93.20.227,10.39.75.130,19035,22,ICMP,114166,953825,2168,low,internal-only,RU,GB
2026-03-17 07:21:56,FGT-03,DROP,10.120.205.37,10.188.12.57,49646,445,ICMP,435102,530956,3148,low,internet-access,US,KP
2026-03-17 13:54:09,FGT-02,ALLOW,125.71.88.160,10.43.196.53,50680,8080,TCP,124835,645037,2537,medium,vpn-split,MX,GB
2026-03-17 06:42:38,FGT-03,ALLOW,10.195.216.43,10.104.218.163,9653,3389,ICMP,69165,303028,3556,low,internal-only,MX,MX
2026-03-17 23:34:34,FGT-03,RESET,10.0.187.6,129.113.61.210,48326,3389,ICMP,138654,293074,1020,low,internal-only,RU,CN
2026-03-17 16:47:12,FGT-02,DENY,152.215.198.132,10.207.65.200,47109,22,ICMP,304128,726638,3106,medium,internet-access,US,GB
2026-03-17 07:35:48,FGT-01,RESET,10.74.27.93,30.35.5.181,9865,443,UDP,276975,372065,273,high,internet-access,IN,PA
