timestamp,account_id,interface_id,src_ip,dst_ip,src_port,dst_port,protocol,packets,bytes,action,log_status
2026-03-15 10:15:54,123456789012,eni-def456,20.37.10.186,10.107.179.93,30372,6379,17,2369,8716929,ACCEPT,OK
2026-03-15 13:37:14,123456789012,eni-ghi789,10.137.157.135,10.247.61.52,51606,22,17,8276,41011,REJECT,OK
2026-03-15 17:54:42,123456789012,eni-ghi789,10.112.0.253,10.108.203.218,35376,443,6,5421,5088129,REJECT,OK
2026-03-15 16:10:00,123456789012,eni-abc123,176.15.6.156,10.197.24.120,53229,22,17,1364,7832999,ACCEPT,OK
2026-03-15 09:02:19,123456789012,eni-abc123,47.226.49.14,10.195.203.198,29743,22,6,7413,5142417,REJECT,OK
2026-03-15 21:13:43,123456789012,eni-ghi789,10.31.236.163,210.215.163.81,19391,80,1,5344,2924846,ACCEPT,OK
2026-03-15 23:50:16,123456789012,eni-ghi789,10.85.124.15,217.192.65.135,54810,5432,6,482,9486538,ACCEPT,OK
2026-03-15 14:32:47,123456789012,eni-ghi789,10.81.29.75,10.193.226.207,49798,443,6,629,1779735,REJECT,OK
2026-03-15 04:03:09,123456789012,eni-ghi789,36.164.32.108,10.106.226.63,57306,6379,1,8092,8696758,REJECT,OK
2026-03-15 00:55:35,123456789012,eni-ghi789,10.238.189.102,10.119.167.163,28681,5432,17,7773,6795834,ACCEPT,OK
2026-03-15 19:57:31,123456789012,eni-abc123,10.15.196.121,10.48.66.119,56612,3306,6,5920,4391773,ACCEPT,OK
2026-03-15 04:49:23,123456789012,eni-ghi789,10.75.228.77,10.111.134.224,30486,22,6,7406,5598106,REJECT,OK
2026-03-15 19:34:02,123456789012,eni-ghi789,10.144.219.121,135.111.54.127,1147,5432,17,1651,8999708,ACCEPT,OK
2026-03-15 10:53:29,123456789012,eni-def456,10.18.176.250,10.134.246.40,25239,5432,6,1267,9924510,ACCEPT,OK
2026-03-15 14:05:57,123456789012,eni-def456,10.209.99.134,10.38.31.49,11517,80,6,1054,5864541,ACCEPT,OK
2026-03-15 01:31:38,123456789012,eni-abc123,10.139.219.160,29.3.74.32,6433,5432,6,9250,487764,REJECT,OK
2026-03-15 16:56:05,123456789012,eni-def456,10.185.70.48,10.8.86.226,36137,22,1,4374,7760353,ACCEPT,OK
2026-03-15 10:46:02,123456789012,eni-abc123,10.224.86.28,10.187.222.238,8904,443,1,1354,576275,ACCEPT,OK
2026-03-15 15:19:49,123456789012,eni-def456,10.245.197.44,121.194.55.237,25921,3306,1,5860,7030302,REJECT,OK
2026-03-15 07:46:00,123456789012,eni-def456,10.103.199.181,10.46.184.218,13412,5432,1,206,7166932,REJECT,OK
2026-03-15 10:17:35,123456789012,eni-ghi789,10.27.176.29,10.179.10.225,25930,6379,17,3612,5798416,ACCEPT,OK
2026-03-15 00:58:20,123456789012,eni-ghi789,10.177.244.181,10.213.24.195,48894,22,6,7379,593549,REJECT,OK
2026-03-15 17:06:33,123456789012,eni-ghi789,10.168.121.51,185.231.162.191,35988,3306,1,9583,9110176,REJECT,OK
2026-03-15 19:02:01,123456789012,eni-abc123,10.15.192.249,10.187.93.158,25032,80,6,3224,9351831,ACCEPT,OK
2026-03-15 09:36:06,123456789012,eni-abc123,10.190.48.48,10.209.90.2,1726,3306,17,4085,3211379,ACCEPT,OK
2026-03-15 08:47:42,123456789012,eni-abc123,10.45.200.178,131.169.148.197,30398,5432,17,5120,9807800,ACCEPT,OK
2026-03-15 15:53:41,123456789012,eni-def456,73.169.70.209,69.77.5.181,60048,5432,17,5330,4066462,ACCEPT,OK
2026-03-15 16:11:46,123456789012,eni-abc123,10.188.102.204,46.224.121.182,10583,80,1,4780,7544734,REJECT,OK
2026-03-15 08:47:21,123456789012,eni-def456,10.163.240.176,10.243.19.89,62169,22,17,1880,423434,REJECT,OK
2026-03-15 19:36:19,123456789012,eni-def456,169.137.247.176,44.173.96.29,25358,5432,1,817,8547804,ACCEPT,OK
2026-03-15 06:03:25,123456789012,eni-def456,10.123.160.225,10.202.179.228,6542,3306,6,5526,5891939,ACCEPT,OK
2026-03-15 03:12:08,123456789012,eni-abc123,85.76.104.227,10.163.9.19,32530,443,1,2208,4235716,REJECT,OK
2026-03-15 22:35:31,123456789012,eni-ghi789,10.227.224.180,10.140.106.44,35915,443,1,9643,2122124,ACCEPT,OK
2026-03-15 19:48:01,123456789012,eni-abc123,10.87.208.149,10.14.160.52,53749,6379,1,7970,8392942,ACCEPT,OK
2026-03-15 04:21:59,123456789012,eni-abc123,127.77.41.69,10.130.128.199,12563,80,6,9906,8166782,REJECT,OK
2026-03-15 18:26:20,123456789012,eni-def456,10.252.150.185,10.251.157.224,10330,5432,6,9859,5445943,REJECT,OK
2026-03-15 02:38:36,123456789012,eni-def456,34.254.111.114,211.77.239.174,50447,5432,17,7605,145689,ACCEPT,OK
2026-03-15 03:49:43,123456789012,eni-ghi789,162.158.144.57,6.183.164.225,32928,443,17,2504,1617030,ACCEPT,OK
2026-03-15 16:30:44,123456789012,eni-abc123,10.94.32.249,139.72.94.230,18351,443,6,6938,463246,REJECT,OK
2026-03-15 03:38:18,123456789012,eni-abc123,10.126.17.19,10.163.59.128,33385,443,17,5321,1594232,REJECT,OK
2026-03-15 21:15:49,123456789012,eni-def456,10.200.88.173,57.254.180.213,3797,5432,6,7959,8739735,REJECT,OK
2026-03-15 22:38:28,123456789012,eni-def456,9.81.143.152,221.73.183.221,41932,6379,6,5797,6749745,ACCEPT,OK
2026-03-15 15:15:08,123456789012,eni-def456,10.80.83.11,99.106.19.154,57451,443,17,4931,2163460,ACCEPT,OK
2026-03-15 20:48:56,123456789012,eni-def456,10.56.236.110,194.111.52.138,51225,3306,17,7366,7539015,REJECT,OK
2026-03-15 13:37:10,123456789012,eni-ghi789,10.43.243.59,24.253.247.7,58836,5432,17,2431,5679871,ACCEPT,OK
2026-03-15 08:10:59,123456789012,eni-ghi789,133.154.31.143,10.191.41.145,39768,5432,1,4739,3704001,REJECT,OK
2026-03-15 05:31:38,123456789012,eni-ghi789,10.20.233.69,223.18.204.56,40113,3306,17,7930,1670232,ACCEPT,OK
2026-03-15 20:16:45,123456789012,eni-abc123,10.83.155.23,40.92.234.156,63641,80,6,5970,2750359,ACCEPT,OK
2026-03-15 18:21:13,123456789012,eni-def456,10.116.29.138,10.217.151.209,1690,22,6,6579,6140917,REJECT,OK
2026-03-15 22:29:44,123456789012,eni-abc123,10.141.30.123,10.101.11.196,57601,443,17,6313,9930734,REJECT,OK
2026-03-15 20:57:22,123456789012,eni-ghi789,10.31.231.42,7.207.87.70,15918,443,1,9218,4029210,ACCEPT,OK
2026-03-15 10:24:58,123456789012,eni-abc123,10.77.76.134,10.149.176.138,63148,3306,17,3461,4805865,REJECT,OK
2026-03-15 05:08:39,123456789012,eni-abc123,10.88.12.90,10.54.18.6,9983,22,17,6431,3176429,ACCEPT,OK
2026-03-15 00:28:35,123456789012,eni-ghi789,195.241.90.1,10.153.167.222,44198,443,17,7796,8363705,REJECT,OK
2026-03-15 10:12:23,123456789012,eni-def456,147.63.96.42,30.193.3.22,8645,443,1,143,8121855,REJECT,OK
2026-03-15 07:05:46,123456789012,eni-ghi789,10.229.105.5,10.91.45.134,19976,6379,6,540,1370162,REJECT,OK
2026-03-15 22:07:41,123456789012,eni-ghi789,10.172.234.114,10.96.147.169,58905,22,1,4367,9786797,REJECT,OK
2026-03-15 08:00:19,123456789012,eni-ghi789,10.176.172.140,10.17.9.61,62579,5432,1,4816,5118365,REJECT,OK
2026-03-15 14:26:43,123456789012,eni-ghi789,10.143.36.58,10.190.65.153,60117,5432,17,2524,6867437,ACCEPT,OK
2026-03-15 14:47:54,123456789012,eni-def456,10.114.131.66,71.18.131.238,56848,5432,6,3933,1919492,ACCEPT,OK
2026-03-15 03:53:05,123456789012,eni-ghi789,72.66.193.102,15.12.185.84,38927,443,17,9084,2883178,REJECT,OK
2026-03-15 21:35:19,123456789012,eni-abc123,166.184.20.64,62.238.48.85,30154,6379,6,8692,2616281,ACCEPT,OK
2026-03-15 20:35:00,123456789012,eni-def456,10.236.162.84,181.122.55.89,19988,5432,17,2476,4961518,ACCEPT,OK
2026-03-15 12:13:33,123456789012,eni-abc123,10.48.140.62,10.87.130.163,49816,3306,17,4897,1088541,ACCEPT,OK
2026-03-15 06:56:50,123456789012,eni-def456,60.231.245.60,10.68.177.24,35478,3306,17,6301,1658301,ACCEPT,OK
2026-03-15 16:09:39,123456789012,eni-ghi789,10.96.23.184,116.85.70.51,24796,5432,1,1297,2816684,REJECT,OK
2026-03-15 06:45:44,123456789012,eni-ghi789,26.157.13.239,164.103.93.131,15896,443,17,9401,1632763,ACCEPT,OK
2026-03-15 14:07:04,123456789012,eni-abc123,10.242.7.89,10.59.187.31,48121,6379,17,990,4268543,REJECT,OK
2026-03-15 04:31:52,123456789012,eni-ghi789,10.74.131.37,207.230.218.97,24415,3306,17,7979,4247008,REJECT,OK
2026-03-15 03:29:03,123456789012,eni-def456,10.127.233.224,163.98.138.176,24121,6379,6,3119,5812603,ACCEPT,OK
2026-03-15 10:00:07,123456789012,eni-abc123,10.230.178.204,10.51.237.146,20416,22,1,7684,1187698,ACCEPT,OK
2026-03-15 10:28:34,123456789012,eni-ghi789,12.16.205.230,10.161.12.175,17581,22,17,9042,5482729,ACCEPT,OK
2026-03-15 17:24:48,123456789012,eni-ghi789,10.152.42.210,10.78.175.49,52789,6379,17,2086,5811954,REJECT,OK
2026-03-15 01:06:15,123456789012,eni-ghi789,51.152.77.184,10.120.102.55,58892,80,6,2503,4053720,REJECT,OK
2026-03-15 06:39:57,123456789012,eni-abc123,9.63.5.151,219.41.0.247,9288,443,1,6579,5936495,ACCEPT,OK
2026-03-15 13:46:40,123456789012,eni-abc123,177.253.28.197,118.35.120.213,64119,5432,1,365,1744224,ACCEPT,OK
2026-03-15 00:53:04,123456789012,eni-def456,10.74.197.169,10.94.253.116,12871,5432,17,143,7344741,ACCEPT,OK
2026-03-15 10:36:48,123456789012,eni-abc123,10.194.50.141,10.233.95.145,58830,3306,17,4623,4487464,REJECT,OK
2026-03-15 16:25:38,123456789012,eni-ghi789,10.231.245.45,10.176.124.47,5211,6379,6,7564,5271487,ACCEPT,OK
2026-03-15 01:26:24,123456789012,eni-abc123,106.166.96.47,10.252.223.215,37635,3306,6,1609,6451360,ACCEPT,OK
2026-03-15 09:37:38,123456789012,eni-abc123,10.180.114.88,10.10.224.26,3396,6379,17,1137,4625786,REJECT,OK
2026-03-15 12:28:31,123456789012,eni-def456,10.192.246.127,10.47.205.158,45563,5432,1,5376,5106788,ACCEPT,OK
2026-03-15 17:09:52,123456789012,eni-abc123,10.134.238.118,92.103.144.214,17939,80,6,6528,5888624,ACCEPT,OK
2026-03-15 08:12:06,123456789012,eni-abc123,10.253.150.185,10.95.188.43,8303,6379,6,2636,586920,ACCEPT,OK
2026-03-15 12:46:10,123456789012,eni-ghi789,171.228.176.203,143.1.31.87,30666,3306,1,5818,2181331,REJECT,OK
2026-03-15 17:51:56,123456789012,eni-abc123,19.9.156.195,10.10.98.160,38388,443,6,5090,8583514,ACCEPT,OK
2026-03-15 06:00:28,123456789012,eni-abc123,49.2.163.166,10.42.114.67,17832,3306,1,6136,1415721,ACCEPT,OK
2026-03-15 17:47:00,123456789012,eni-ghi789,35.111.76.195,108.25.168.96,13247,80,17,3468,5166025,ACCEPT,OK
2026-03-15 13:38:50,123456789012,eni-def456,10.237.164.152,10.183.143.190,10217,443,17,1860,6110923,ACCEPT,OK
2026-03-15 03:20:07,123456789012,eni-def456,10.91.252.84,10.235.224.110,44400,443,6,7457,135656,ACCEPT,OK
2026-03-15 20:47:02,123456789012,eni-def456,10.95.116.160,10.135.43.72,30082,6379,6,1303,6402377,ACCEPT,OK
2026-03-15 05:50:46,123456789012,eni-ghi789,46.100.192.140,85.116.65.142,13180,443,1,8168,1414655,ACCEPT,OK
2026-03-15 11:25:01,123456789012,eni-ghi789,173.24.212.57,122.56.7.8,13288,5432,6,9254,7201760,ACCEPT,OK
2026-03-15 19:09:29,123456789012,eni-ghi789,56.80.34.181,43.144.2.64,55059,22,6,4574,6697386,ACCEPT,OK
2026-03-15 14:30:51,123456789012,eni-ghi789,206.91.157.17,157.7.77.193,14827,3306,17,6735,9315177,ACCEPT,OK
2026-03-15 04:04:00,123456789012,eni-abc123,171.231.212.209,83.119.216.41,54100,22,17,432,1792776,ACCEPT,OK
2026-03-15 09:26:21,123456789012,eni-ghi789,10.216.69.25,10.205.198.235,26990,5432,17,3081,323036,ACCEPT,OK
2026-03-15 08:00:53,123456789012,eni-ghi789,10.132.219.18,10.30.11.130,42206,80,6,9547,7233035,ACCEPT,OK
2026-03-15 01:44:08,123456789012,eni-def456,134.19.10.207,15.180.149.58,24043,80,1,4386,6272191,ACCEPT,OK
2026-03-15 18:47:49,123456789012,eni-ghi789,10.157.79.35,10.242.130.236,15741,6379,6,5572,5224195,REJECT,OK
2026-03-15 09:21:46,123456789012,eni-ghi789,10.147.172.157,10.222.79.68,43149,80,17,517,6904973,REJECT,OK
2026-03-15 11:38:03,123456789012,eni-ghi789,162.60.82.143,10.23.93.29,55414,22,6,5019,9465154,REJECT,OK
2026-03-15 01:41:06,123456789012,eni-def456,10.75.129.28,10.253.3.65,30284,6379,6,6625,2994901,ACCEPT,OK
2026-03-15 14:27:23,123456789012,eni-abc123,10.176.171.218,215.201.14.171,27020,80,6,835,2088238,ACCEPT,OK
2026-03-15 21:55:52,123456789012,eni-def456,133.71.186.159,10.241.231.197,29019,3306,17,653,8706399,ACCEPT,OK
2026-03-15 00:42:02,123456789012,eni-abc123,99.151.20.2,10.214.235.62,55863,3306,1,5815,5196852,ACCEPT,OK
2026-03-15 00:24:19,123456789012,eni-abc123,10.148.14.78,82.110.121.52,29252,6379,17,3280,9500538,ACCEPT,OK
2026-03-15 09:14:34,123456789012,eni-ghi789,27.137.123.86,166.103.87.80,15710,5432,1,8093,6947821,ACCEPT,OK
2026-03-15 20:14:26,123456789012,eni-abc123,151.190.237.182,68.222.168.233,45828,443,1,2615,4884645,ACCEPT,OK
2026-03-15 14:57:08,123456789012,eni-def456,10.148.128.157,130.87.117.212,38099,80,17,1397,3846087,ACCEPT,OK
2026-03-15 14:36:40,123456789012,eni-abc123,10.246.128.126,10.157.21.105,41866,3306,17,7622,5309161,REJECT,OK
2026-03-15 12:16:44,123456789012,eni-abc123,198.16.155.243,10.153.31.33,14086,3306,1,4873,2960503,ACCEPT,OK
2026-03-15 02:49:02,123456789012,eni-ghi789,164.119.96.96,10.89.138.212,30222,5432,6,5511,7670785,ACCEPT,OK
2026-03-15 23:45:28,123456789012,eni-ghi789,219.238.14.175,201.154.185.144,20307,80,17,9251,1175479,ACCEPT,OK
2026-03-15 01:28:04,123456789012,eni-abc123,10.208.44.242,10.139.72.39,61825,5432,17,15,1289355,REJECT,OK
2026-03-15 20:52:40,123456789012,eni-def456,208.198.162.49,128.84.54.39,43124,6379,1,9354,9546749,ACCEPT,OK
2026-03-15 10:15:28,123456789012,eni-abc123,10.191.45.86,10.203.238.53,3933,5432,1,9704,4805054,ACCEPT,OK
2026-03-15 11:34:48,123456789012,eni-def456,10.23.28.145,10.62.115.218,24806,80,17,7914,8455815,ACCEPT,OK
2026-03-15 18:08:05,123456789012,eni-def456,10.14.95.212,10.140.43.163,18732,6379,1,4384,8310014,ACCEPT,OK
2026-03-15 19:38:27,123456789012,eni-def456,109.3.83.42,10.203.178.135,22901,3306,17,4189,8212630,ACCEPT,OK
2026-03-15 15:09:04,123456789012,eni-ghi789,10.111.9.174,10.146.71.60,29462,80,17,9215,2255108,REJECT,OK
2026-03-15 03:45:58,123456789012,eni-def456,10.78.61.209,10.66.133.110,37235,5432,1,3908,3333233,ACCEPT,OK
2026-03-15 10:08:39,123456789012,eni-ghi789,10.141.76.215,208.144.228.219,5015,443,17,7241,3140037,ACCEPT,OK
2026-03-15 18:20:27,123456789012,eni-abc123,210.148.99.91,10.110.103.204,34578,443,6,3627,2150412,ACCEPT,OK
2026-03-15 18:57:44,123456789012,eni-abc123,10.221.46.204,184.79.75.243,52769,22,1,1869,5595018,ACCEPT,OK
2026-03-15 10:45:17,123456789012,eni-def456,197.224.214.181,10.136.115.12,15528,5432,6,6228,1722838,ACCEPT,OK
2026-03-15 20:21:35,123456789012,eni-abc123,51.119.130.155,10.27.150.34,16280,443,1,6187,4577253,ACCEPT,OK
2026-03-15 18:48:05,123456789012,eni-abc123,10.136.150.146,10.237.162.91,6894,22,6,5352,2607251,ACCEPT,OK
2026-03-15 18:51:58,123456789012,eni-ghi789,10.48.207.237,147.60.76.62,56881,80,1,499,1777129,ACCEPT,OK
2026-03-15 10:58:49,123456789012,eni-def456,153.187.162.160,10.244.55.215,37043,22,1,567,3198943,ACCEPT,OK
2026-03-15 18:31:26,123456789012,eni-ghi789,10.6.241.164,19.220.15.104,11773,80,17,8001,793370,ACCEPT,OK
2026-03-15 06:48:47,123456789012,eni-abc123,10.173.87.216,10.136.213.231,39138,6379,6,6716,4842487,ACCEPT,OK
2026-03-15 07:07:41,123456789012,eni-def456,10.118.166.109,10.52.205.84,44574,6379,6,2015,9791297,ACCEPT,OK
2026-03-15 23:57:48,123456789012,eni-ghi789,53.128.22.226,13.159.84.101,13971,80,6,6071,9354081,ACCEPT,OK
2026-03-15 02:21:08,123456789012,eni-abc123,218.78.104.49,10.162.76.185,54197,6379,17,616,566668,ACCEPT,OK
2026-03-15 00:57:53,123456789012,eni-def456,10.149.68.171,14.133.19.109,59256,443,1,4124,1826821,ACCEPT,OK
2026-03-15 04:12:10,123456789012,eni-abc123,10.152.93.134,127.252.19.252,47746,3306,6,9833,6271853,ACCEPT,OK
2026-03-15 05:03:31,123456789012,eni-def456,143.121.239.213,75.108.101.152,39563,22,1,2983,2335816,ACCEPT,OK
2026-03-15 18:41:53,123456789012,eni-abc123,10.232.102.96,10.130.76.20,22204,80,17,9922,207639,ACCEPT,OK
2026-03-15 06:04:42,123456789012,eni-ghi789,10.177.121.7,10.147.19.61,43052,6379,17,8619,6414098,ACCEPT,OK
2026-03-15 11:26:08,123456789012,eni-ghi789,170.78.138.135,10.83.254.191,24018,22,1,5879,3771312,ACCEPT,OK
2026-03-15 08:09:41,123456789012,eni-ghi789,10.80.1.180,36.99.124.3,43720,443,1,6776,512740,ACCEPT,OK
2026-03-15 05:22:48,123456789012,eni-ghi789,10.30.111.235,147.131.242.208,38166,5432,6,9024,1778315,ACCEPT,OK
2026-03-15 13:56:51,123456789012,eni-def456,10.111.182.253,10.25.87.54,32913,80,17,1828,3592729,ACCEPT,OK
2026-03-15 08:04:05,123456789012,eni-ghi789,10.226.142.43,130.61.213.25,36201,6379,1,2575,140491,ACCEPT,OK
2026-03-15 17:47:32,123456789012,eni-abc123,10.49.228.202,10.78.126.144,64464,5432,6,9646,3538097,ACCEPT,OK
2026-03-15 12:14:03,123456789012,eni-ghi789,10.17.73.94,10.161.97.200,18891,22,17,8078,7824232,ACCEPT,OK
2026-03-15 15:28:52,123456789012,eni-ghi789,10.43.16.220,10.95.165.200,35723,80,17,5672,5925746,ACCEPT,OK
2026-03-15 13:42:15,123456789012,eni-abc123,10.67.132.219,10.170.21.25,8794,22,17,7346,9808523,ACCEPT,OK
2026-03-15 23:28:34,123456789012,eni-def456,104.73.49.196,10.153.141.76,42162,5432,1,9791,2038323,ACCEPT,OK
2026-03-15 21:52:41,123456789012,eni-ghi789,10.41.193.77,10.33.191.228,15322,443,1,6290,2702016,ACCEPT,OK
2026-03-15 17:50:08,123456789012,eni-abc123,10.245.1.53,10.170.165.163,10670,3306,1,3348,6369099,ACCEPT,OK
2026-03-15 02:53:46,123456789012,eni-ghi789,10.123.92.92,10.5.219.200,50620,3306,1,7243,4174760,REJECT,OK
2026-03-15 19:30:11,123456789012,eni-ghi789,10.122.163.142,45.216.176.7,21768,22,1,1636,8597030,ACCEPT,OK
2026-03-15 11:52:27,123456789012,eni-def456,129.48.102.134,10.94.198.101,37000,3306,6,750,6382769,REJECT,OK
2026-03-15 03:03:26,123456789012,eni-abc123,10.125.151.93,61.22.31.182,1416,443,1,9867,6031224,ACCEPT,OK
2026-03-15 18:49:33,123456789012,eni-def456,10.23.124.235,10.74.101.223,3196,5432,6,6243,2036655,REJECT,OK
2026-03-15 19:42:09,123456789012,eni-ghi789,136.24.219.25,151.199.61.24,60523,80,17,5578,4547288,ACCEPT,OK
2026-03-15 06:22:47,123456789012,eni-ghi789,82.46.252.100,10.71.31.196,17093,3306,6,3344,3928397,ACCEPT,OK
2026-03-15 15:31:11,123456789012,eni-def456,211.32.227.250,10.140.83.118,55913,80,17,3966,158850,ACCEPT,OK
2026-03-15 13:42:59,123456789012,eni-ghi789,56.125.70.6,10.245.107.143,52513,5432,1,655,9861175,ACCEPT,OK
2026-03-15 02:18:24,123456789012,eni-abc123,10.209.80.163,10.115.73.251,26280,22,1,8008,710871,ACCEPT,OK
2026-03-15 11:29:07,123456789012,eni-def456,10.102.201.170,10.35.136.80,23001,3306,6,7011,5723127,ACCEPT,OK
2026-03-15 03:17:12,123456789012,eni-def456,10.10.190.236,10.241.36.241,15502,3306,17,3770,1586622,ACCEPT,OK
2026-03-15 14:35:14,123456789012,eni-abc123,10.142.49.101,10.190.12.247,55337,6379,6,3232,43315,REJECT,OK
2026-03-15 05:25:04,123456789012,eni-def456,74.50.137.77,10.16.133.176,52427,3306,17,4067,2535022,ACCEPT,OK
2026-03-15 02:42:12,123456789012,eni-ghi789,10.179.174.252,54.98.14.242,49544,22,17,436,9003724,ACCEPT,OK
2026-03-15 22:52:49,123456789012,eni-def456,10.20.36.66,10.152.110.148,5484,80,1,6574,8470337,ACCEPT,OK
2026-03-15 13:52:03,123456789012,eni-ghi789,10.107.155.141,10.176.169.191,64929,3306,6,7583,1872441,ACCEPT,OK
2026-03-15 23:26:51,123456789012,eni-def456,10.1.28.54,10.52.4.221,44947,22,17,8853,2996998,ACCEPT,OK
2026-03-15 02:53:00,123456789012,eni-abc123,10.185.103.82,10.129.65.178,48230,22,17,4447,8195549,ACCEPT,OK
2026-03-15 07:18:20,123456789012,eni-def456,10.109.231.56,10.77.222.156,6642,6379,17,8695,7213458,REJECT,OK
2026-03-15 14:26:40,123456789012,eni-ghi789,205.133.255.209,10.112.101.59,55778,3306,1,3313,824954,ACCEPT,OK
2026-03-15 21:53:13,123456789012,eni-def456,80.115.56.169,10.151.164.115,37533,5432,1,8919,5103996,REJECT,OK
2026-03-15 23:48:29,123456789012,eni-abc123,10.75.121.76,10.236.23.53,12974,6379,1,6636,6142369,ACCEPT,OK
2026-03-15 18:18:16,123456789012,eni-abc123,10.167.148.165,10.52.57.196,29097,5432,17,5052,6332482,ACCEPT,OK
2026-03-15 10:47:41,123456789012,eni-def456,10.16.53.173,10.110.31.161,32596,6379,17,675,806620,ACCEPT,OK
2026-03-15 15:54:52,123456789012,eni-def456,10.214.117.191,10.55.133.181,47199,22,17,8681,8918420,ACCEPT,OK
2026-03-15 16:11:34,123456789012,eni-ghi789,10.187.167.65,10.21.109.37,35223,5432,6,5535,5570532,ACCEPT,OK
2026-03-15 16:21:24,123456789012,eni-ghi789,10.149.21.107,10.136.126.147,43839,443,1,5047,3537969,REJECT,OK
2026-03-15 07:08:12,123456789012,eni-def456,63.38.237.31,23.165.134.18,35429,3306,1,2350,634187,REJECT,OK
2026-03-15 07:22:40,123456789012,eni-def456,10.90.252.197,10.13.10.166,3815,443,17,6069,3305449,REJECT,OK
2026-03-15 16:18:09,123456789012,eni-ghi789,10.224.219.12,72.20.16.50,63014,22,6,1832,8282039,ACCEPT,OK
2026-03-15 04:32:08,123456789012,eni-ghi789,22.37.127.75,10.59.216.104,26329,5432,17,6236,1904373,REJECT,OK
2026-03-15 13:50:58,123456789012,eni-abc123,1.241.105.94,10.120.212.152,36234,6379,6,7316,963439,ACCEPT,OK
2026-03-15 13:00:42,123456789012,eni-ghi789,10.21.143.169,10.191.187.44,46881,443,17,4747,6570387,ACCEPT,OK
2026-03-15 10:13:27,123456789012,eni-def456,10.213.20.229,10.171.106.116,51147,6379,1,1442,5044186,REJECT,OK
2026-03-15 06:30:45,123456789012,eni-def456,10.15.43.133,193.168.116.178,62936,22,6,8236,70542,ACCEPT,OK
2026-03-15 21:10:24,123456789012,eni-abc123,10.52.245.47,210.155.206.105,38066,443,6,5486,3016563,ACCEPT,OK
2026-03-15 10:04:05,123456789012,eni-ghi789,10.183.200.11,203.66.250.216,52971,6379,17,9374,768605,ACCEPT,OK
2026-03-15 13:47:27,123456789012,eni-def456,10.56.233.220,42.70.187.170,63236,3306,1,3245,5473460,ACCEPT,OK
2026-03-15 07:10:32,123456789012,eni-def456,10.201.232.66,10.111.219.220,5434,80,1,2271,456388,REJECT,OK
2026-03-15 11:22:34,123456789012,eni-ghi789,10.234.69.181,10.109.234.117,1907,5432,17,5031,5870315,ACCEPT,OK
2026-03-15 11:02:47,123456789012,eni-def456,161.101.166.164,10.110.41.186,14902,80,1,1469,4552883,REJECT,OK
2026-03-15 20:38:57,123456789012,eni-abc123,10.26.72.41,51.201.154.156,42388,6379,6,9763,6597598,ACCEPT,OK
2026-03-15 11:18:50,123456789012,eni-ghi789,2.92.55.125,10.74.182.241,47691,5432,6,3791,1435585,ACCEPT,OK
2026-03-15 09:32:03,123456789012,eni-ghi789,10.4.131.118,112.220.156.26,42713,22,17,6942,3168833,ACCEPT,OK
2026-03-15 00:04:21,123456789012,eni-ghi789,10.94.196.46,173.89.100.184,23253,3306,1,9397,3625493,ACCEPT,OK
2026-03-15 09:45:58,123456789012,eni-ghi789,188.202.80.84,40.179.105.35,33387,5432,1,385,754941,ACCEPT,OK
2026-03-15 07:46:55,123456789012,eni-abc123,10.98.144.18,192.198.227.183,41896,5432,17,1583,6033027,ACCEPT,OK
2026-03-15 04:18:08,123456789012,eni-def456,28.126.224.179,10.163.227.24,21519,6379,17,1386,1760474,ACCEPT,OK
2026-03-15 07:54:17,123456789012,eni-ghi789,10.208.140.79,152.114.82.31,18490,5432,1,7843,1277995,REJECT,OK
2026-03-15 04:23:52,123456789012,eni-def456,10.92.123.203,10.190.237.128,11879,80,1,5636,8001476,ACCEPT,OK
2026-03-15 13:19:38,123456789012,eni-abc123,65.12.29.234,70.253.253.70,45053,22,1,2428,6216276,ACCEPT,OK
2026-03-15 03:36:45,123456789012,eni-def456,10.180.232.143,10.230.106.99,9773,80,1,6126,4605281,REJECT,OK
2026-03-15 16:51:39,123456789012,eni-def456,10.86.124.208,93.184.163.82,44683,22,6,8685,4928268,REJECT,OK
2026-03-15 11:18:01,123456789012,eni-abc123,10.255.189.157,10.238.154.128,14675,22,6,7263,16994,REJECT,OK
2026-03-15 08:36:49,123456789012,eni-abc123,10.245.127.210,10.170.241.135,56459,5432,6,4689,8415163,REJECT,OK
2026-03-15 01:16:56,123456789012,eni-ghi789,10.37.142.155,154.249.41.187,32458,3306,1,255,48493,ACCEPT,OK
2026-03-15 05:04:41,123456789012,eni-ghi789,92.27.195.160,10.63.142.72,27955,5432,17,310,8579075,ACCEPT,OK
2026-03-15 12:24:21,123456789012,eni-ghi789,37.48.250.123,10.252.200.23,18034,443,6,24,4166777,REJECT,OK
2026-03-15 08:05:20,123456789012,eni-ghi789,99.131.101.73,10.190.169.221,9001,22,6,7980,7855712,ACCEPT,OK
2026-03-15 04:33:18,123456789012,eni-ghi789,57.34.128.248,68.90.108.115,27011,80,1,4804,9015668,REJECT,OK
2026-03-15 17:57:11,123456789012,eni-abc123,10.251.199.143,10.162.187.25,14570,6379,1,9556,4151574,ACCEPT,OK
2026-03-15 10:46:52,123456789012,eni-ghi789,10.255.152.24,40.186.223.21,49980,22,1,1908,6791773,REJECT,OK
2026-03-15 03:41:29,123456789012,eni-ghi789,10.101.164.128,10.189.36.109,48810,5432,6,7338,6527079,ACCEPT,OK
2026-03-15 22:03:44,123456789012,eni-def456,10.164.76.96,213.38.89.2,61674,80,6,5099,5304192,REJECT,OK
2026-03-15 16:23:22,123456789012,eni-abc123,48.250.242.144,42.154.18.237,27241,443,1,7754,2851006,ACCEPT,OK
2026-03-15 12:58:45,123456789012,eni-ghi789,61.105.55.254,145.64.33.178,35357,3306,1,213,1700406,ACCEPT,OK
2026-03-15 21:26:27,123456789012,eni-ghi789,10.79.102.164,44.93.128.151,47708,3306,17,9860,8435845,ACCEPT,OK
2026-03-15 06:46:18,123456789012,eni-abc123,56.189.5.242,10.59.95.62,65141,80,17,2768,6030605,ACCEPT,OK
2026-03-15 12:03:21,123456789012,eni-ghi789,10.60.33.128,84.13.240.96,45227,5432,17,2328,1161607,ACCEPT,OK
2026-03-15 13:49:28,123456789012,eni-def456,14.65.208.246,10.219.32.44,8320,5432,1,3985,6648740,ACCEPT,OK
2026-03-15 05:48:39,123456789012,eni-def456,162.193.242.119,10.144.64.146,34155,5432,17,1601,7386992,ACCEPT,OK
2026-03-15 17:29:40,123456789012,eni-ghi789,118.164.95.173,10.134.189.209,17989,22,6,6946,9555981,ACCEPT,OK
2026-03-15 00:11:35,123456789012,eni-ghi789,10.243.165.129,184.3.153.53,36982,443,17,6210,3505431,ACCEPT,OK
2026-03-15 22:39:11,123456789012,eni-def456,10.12.79.157,147.26.103.123,31486,443,6,5237,3176440,REJECT,OK
2026-03-15 05:56:14,123456789012,eni-ghi789,10.89.221.212,68.110.228.34,12978,443,6,2410,293330,REJECT,OK
2026-03-15 15:06:58,123456789012,eni-ghi789,10.116.200.71,10.8.56.26,45284,3306,17,654,630501,ACCEPT,OK
2026-03-15 14:54:04,123456789012,eni-ghi789,48.74.235.126,10.203.255.241,12972,80,6,1546,2105019,ACCEPT,OK
2026-03-15 12:37:51,123456789012,eni-ghi789,110.84.74.181,42.152.197.248,61771,6379,17,2217,5743245,ACCEPT,OK
2026-03-15 20:16:24,123456789012,eni-def456,21.107.31.224,10.248.128.204,64799,5432,6,6033,4802243,ACCEPT,OK
2026-03-15 19:33:52,123456789012,eni-def456,10.36.71.29,42.32.228.81,27950,22,1,8448,701172,ACCEPT,OK
2026-03-15 04:35:09,123456789012,eni-def456,10.140.253.157,10.208.127.154,19593,443,6,9035,2147344,ACCEPT,OK
2026-03-15 05:22:28,123456789012,eni-abc123,48.105.109.20,10.128.3.8,4489,6379,1,6179,8204929,ACCEPT,OK
2026-03-15 09:21:13,123456789012,eni-abc123,10.126.46.148,4.153.200.23,6459,22,1,1269,7621207,ACCEPT,OK
2026-03-15 03:30:24,123456789012,eni-abc123,10.55.212.1,10.18.225.103,44549,6379,6,5298,6952194,ACCEPT,OK
2026-03-15 07:21:48,123456789012,eni-abc123,168.186.213.154,10.151.214.121,11131,3306,6,2162,5121631,ACCEPT,OK
2026-03-15 02:31:00,123456789012,eni-ghi789,10.111.46.147,10.29.11.57,42233,443,17,6928,3093685,ACCEPT,OK
2026-03-15 23:48:58,123456789012,eni-abc123,119.250.220.87,164.25.124.196,41885,6379,17,3262,4496157,ACCEPT,OK
2026-03-15 19:33:02,123456789012,eni-ghi789,34.40.244.187,114.145.122.220,42233,22,17,4901,6068696,ACCEPT,OK
2026-03-15 11:18:23,123456789012,eni-ghi789,28.100.183.174,219.170.220.248,33277,6379,1,4740,9186769,REJECT,OK
2026-03-15 15:03:05,123456789012,eni-abc123,38.230.45.73,19.49.131.14,65510,443,1,7250,2708099,ACCEPT,OK
2026-03-15 22:40:22,123456789012,eni-ghi789,66.240.176.177,10.179.226.233,59579,6379,6,9021,4846866,ACCEPT,OK
2026-03-15 03:54:04,123456789012,eni-ghi789,62.5.52.88,120.182.63.202,13948,5432,1,4937,8646735,ACCEPT,OK
2026-03-15 02:58:14,123456789012,eni-def456,47.98.97.150,64.153.234.232,6959,22,6,3045,6080351,ACCEPT,OK
2026-03-15 01:43:22,123456789012,eni-ghi789,10.36.176.143,78.39.233.167,2012,22,17,4595,2045165,ACCEPT,OK
2026-03-15 00:41:42,123456789012,eni-def456,10.231.127.96,10.75.38.148,52904,22,17,6220,5920793,ACCEPT,OK
2026-03-15 13:56:02,123456789012,eni-abc123,145.208.190.150,10.69.36.125,41057,80,1,9018,4334705,ACCEPT,OK
2026-03-15 13:12:36,123456789012,eni-abc123,155.62.87.6,10.106.243.188,14746,6379,17,9887,6755974,REJECT,OK
2026-03-15 16:17:05,123456789012,eni-abc123,17.44.0.7,13.143.97.155,58650,3306,17,977,5604583,REJECT,OK
2026-03-15 01:17:11,123456789012,eni-abc123,10.240.13.31,206.51.190.174,65185,443,1,7303,4829931,ACCEPT,OK
2026-03-15 22:45:51,123456789012,eni-ghi789,13.192.83.136,10.24.54.232,20903,22,17,5199,893925,ACCEPT,OK
2026-03-15 10:16:36,123456789012,eni-ghi789,10.254.176.81,210.244.13.220,14983,5432,1,5906,2861769,REJECT,OK
2026-03-15 20:00:33,123456789012,eni-ghi789,175.74.57.142,10.114.166.45,19806,80,17,8883,2036529,REJECT,OK
2026-03-15 09:28:32,123456789012,eni-def456,10.3.49.56,220.5.148.133,9771,6379,1,6824,5930975,REJECT,OK
2026-03-15 13:36:31,123456789012,eni-abc123,10.17.238.216,186.49.26.118,8026,443,1,9036,4221387,ACCEPT,OK
2026-03-15 15:13:12,123456789012,eni-ghi789,10.38.157.193,10.67.16.150,21815,443,17,6854,9384633,REJECT,OK
2026-03-15 04:40:21,123456789012,eni-ghi789,10.96.70.155,10.131.206.75,14329,22,6,9210,4658175,ACCEPT,OK
2026-03-15 15:34:17,123456789012,eni-ghi789,208.24.244.18,45.50.15.102,48480,443,17,331,4505991,REJECT,OK
2026-03-15 16:02:45,123456789012,eni-def456,10.243.102.243,186.125.25.141,33392,5432,6,457,5024610,ACCEPT,OK
2026-03-15 20:31:18,123456789012,eni-ghi789,10.121.11.92,10.231.177.92,42140,80,1,1178,8882172,ACCEPT,OK
2026-03-15 23:41:26,123456789012,eni-abc123,10.141.132.26,10.196.242.75,27471,22,6,599,9681677,REJECT,OK
2026-03-15 13:18:41,123456789012,eni-ghi789,10.180.63.155,81.253.118.39,22794,22,17,177,3130615,ACCEPT,OK
2026-03-15 20:11:59,123456789012,eni-abc123,10.48.22.214,114.235.111.28,61184,22,1,2636,2345156,ACCEPT,OK
2026-03-15 02:20:16,123456789012,eni-abc123,10.9.214.29,10.218.173.98,3419,443,17,7788,8572854,REJECT,OK
2026-03-15 22:41:46,123456789012,eni-def456,163.110.29.35,161.100.73.148,10768,3306,17,6109,1345242,REJECT,OK
2026-03-15 00:23:09,123456789012,eni-ghi789,10.171.38.49,34.118.55.249,3226,443,17,8053,5806689,REJECT,OK
2026-03-15 04:07:27,123456789012,eni-abc123,10.1.127.154,118.219.116.130,21681,80,6,9334,5577501,ACCEPT,OK
2026-03-15 17:52:31,123456789012,eni-ghi789,10.178.19.70,10.42.208.41,41348,6379,1,5450,6815506,REJECT,OK
2026-03-15 10:48:44,123456789012,eni-abc123,10.115.118.182,10.2.242.146,25695,6379,17,1498,3339208,ACCEPT,OK
2026-03-15 02:16:28,123456789012,eni-def456,175.114.107.50,73.241.118.131,47921,3306,1,2487,7879914,ACCEPT,OK
2026-03-15 12:42:52,123456789012,eni-def456,10.255.69.30,10.85.7.4,57844,80,1,4726,4825045,REJECT,OK
2026-03-15 02:48:51,123456789012,eni-def456,213.20.6.203,10.253.248.161,41805,6379,1,2083,5352771,REJECT,OK
2026-03-15 04:53:12,123456789012,eni-abc123,10.153.48.90,123.191.18.227,42004,443,1,1496,7657120,ACCEPT,OK
2026-03-15 06:52:07,123456789012,eni-def456,10.12.244.176,10.243.237.68,6240,443,17,1411,649643,ACCEPT,OK
2026-03-15 21:32:06,123456789012,eni-def456,10.186.166.191,31.188.157.197,61973,443,6,8329,2343114,ACCEPT,OK
2026-03-15 18:27:02,123456789012,eni-ghi789,10.38.44.74,10.158.3.242,60400,80,6,9419,4162508,ACCEPT,OK
2026-03-15 11:54:23,123456789012,eni-def456,10.118.155.42,10.252.71.1,11938,80,1,4788,7996185,REJECT,OK
2026-03-15 04:20:32,123456789012,eni-def456,171.231.185.114,10.251.205.105,35151,443,17,6956,8711580,ACCEPT,OK
2026-03-15 08:03:41,123456789012,eni-ghi789,10.216.44.172,114.230.21.122,41487,80,17,2038,6950209,ACCEPT,OK
2026-03-15 00:39:23,123456789012,eni-def456,10.210.132.124,10.73.21.163,56910,80,6,6426,1609928,ACCEPT,OK
2026-03-15 18:58:26,123456789012,eni-ghi789,10.239.120.250,184.28.44.94,50025,443,6,5906,5980349,ACCEPT,OK
2026-03-15 10:45:39,123456789012,eni-ghi789,10.20.59.132,169.242.12.168,37928,22,1,8890,7112516,ACCEPT,OK
2026-03-15 00:06:09,123456789012,eni-abc123,10.5.251.173,10.150.57.11,33583,6379,1,3411,6858105,ACCEPT,OK
2026-03-15 16:24:45,123456789012,eni-abc123,10.212.147.54,118.137.175.211,17916,443,6,4880,1719113,ACCEPT,OK
2026-03-15 14:33:12,123456789012,eni-abc123,106.171.255.41,10.170.170.218,2509,80,6,2546,2596801,ACCEPT,OK
2026-03-15 19:46:26,123456789012,eni-def456,10.111.153.126,206.110.251.244,2912,80,17,2601,4951758,ACCEPT,OK
2026-03-15 19:04:20,123456789012,eni-ghi789,125.168.22.26,204.67.188.19,13916,80,17,7197,3045255,ACCEPT,OK
2026-03-15 13:27:52,123456789012,eni-def456,10.180.133.220,142.93.4.249,3577,5432,6,9863,8763203,REJECT,OK
2026-03-15 18:47:17,123456789012,eni-def456,10.18.29.140,10.25.175.218,29529,22,6,5136,6613657,ACCEPT,OK
2026-03-15 00:14:13,123456789012,eni-def456,10.186.152.162,10.24.9.209,56641,22,6,4602,4047991,ACCEPT,OK
2026-03-15 11:46:33,123456789012,eni-ghi789,10.139.54.108,14.173.33.102,23064,6379,17,8553,5200551,ACCEPT,OK
2026-03-15 17:53:52,123456789012,eni-def456,10.77.38.212,10.240.17.169,22032,3306,1,2389,8190202,ACCEPT,OK
2026-03-15 20:16:15,123456789012,eni-ghi789,210.166.150.182,43.192.90.110,58885,80,17,5359,2628458,ACCEPT,OK
2026-03-15 20:27:41,123456789012,eni-ghi789,10.246.48.221,10.253.215.139,55830,5432,17,8890,6693508,ACCEPT,OK
2026-03-15 12:19:38,123456789012,eni-ghi789,37.221.24.161,146.6.136.245,19812,6379,6,9924,7175450,ACCEPT,OK
2026-03-15 17:10:04,123456789012,eni-abc123,10.47.3.126,10.15.239.201,28965,443,1,6216,1335702,ACCEPT,OK
2026-03-15 06:12:17,123456789012,eni-def456,10.165.145.115,10.101.249.151,1181,80,6,2532,2117894,ACCEPT,OK
2026-03-15 17:11:14,123456789012,eni-def456,64.139.197.117,10.68.198.13,63664,5432,17,6482,1159139,ACCEPT,OK
2026-03-15 08:16:18,123456789012,eni-def456,10.173.233.201,38.128.29.221,51988,5432,17,6412,7380256,ACCEPT,OK
2026-03-15 00:38:51,123456789012,eni-def456,10.2.58.234,113.154.211.193,30794,22,6,7201,1938131,REJECT,OK
2026-03-15 17:58:33,123456789012,eni-abc123,97.217.153.240,10.42.125.56,44501,80,6,778,8842041,REJECT,OK
2026-03-15 08:19:22,123456789012,eni-abc123,10.201.166.131,54.156.203.49,22505,443,1,988,1895665,ACCEPT,OK
2026-03-15 20:14:52,123456789012,eni-abc123,10.36.151.166,10.134.65.127,32029,22,1,4147,2285627,REJECT,OK
2026-03-15 01:56:05,123456789012,eni-ghi789,63.139.144.76,10.165.61.124,51696,443,1,8403,2155788,ACCEPT,OK
2026-03-15 09:23:21,123456789012,eni-abc123,160.238.102.37,10.69.216.42,13667,22,17,3338,8950988,ACCEPT,OK
2026-03-15 05:15:20,123456789012,eni-ghi789,10.192.216.146,10.77.6.244,57521,5432,1,1874,4674859,ACCEPT,OK
2026-03-15 01:22:12,123456789012,eni-abc123,8.171.147.233,10.61.164.184,58589,80,17,5734,4487448,ACCEPT,OK
2026-03-15 05:51:58,123456789012,eni-abc123,10.85.11.30,30.30.106.240,17129,443,6,2495,2345577,ACCEPT,OK
2026-03-15 18:25:32,123456789012,eni-abc123,10.87.72.158,10.162.25.117,37587,6379,17,3120,6679292,REJECT,OK
2026-03-15 16:25:17,123456789012,eni-abc123,10.59.83.235,10.152.103.85,38152,6379,17,3642,3183585,ACCEPT,OK
2026-03-15 01:12:44,123456789012,eni-def456,10.0.61.77,62.71.76.228,58214,3306,1,2800,412792,ACCEPT,OK
2026-03-15 01:36:03,123456789012,eni-ghi789,10.217.31.99,10.173.129.97,42180,6379,17,1696,1997952,REJECT,OK
2026-03-15 11:31:16,123456789012,eni-ghi789,131.153.64.248,10.157.67.187,53080,6379,17,5282,8529595,ACCEPT,OK
2026-03-15 08:33:47,123456789012,eni-ghi789,10.24.7.163,10.54.143.102,32100,22,1,9645,7853432,REJECT,OK
2026-03-15 14:48:54,123456789012,eni-abc123,10.91.55.224,8.244.192.248,60195,5432,17,4188,2379318,ACCEPT,OK
2026-03-15 00:22:57,123456789012,eni-ghi789,10.101.92.143,10.221.229.61,36814,22,6,1009,4094327,ACCEPT,OK
2026-03-15 06:39:55,123456789012,eni-abc123,10.77.152.20,10.3.186.173,14658,22,6,2398,1515446,ACCEPT,OK
2026-03-15 13:47:17,123456789012,eni-def456,10.63.216.10,10.8.170.56,31467,3306,1,7724,8689822,ACCEPT,OK
2026-03-15 01:33:14,123456789012,eni-ghi789,149.124.145.222,10.50.225.73,56890,6379,17,9266,3884206,ACCEPT,OK
2026-03-15 01:19:36,123456789012,eni-abc123,10.15.211.144,10.5.87.4,36474,6379,17,6276,4629353,ACCEPT,OK
2026-03-15 11:42:23,123456789012,eni-def456,10.16.200.244,184.82.207.244,26264,22,6,520,5992927,REJECT,OK
2026-03-15 06:04:18,123456789012,eni-ghi789,121.45.123.97,10.65.254.136,1689,443,6,3660,2134344,REJECT,OK
2026-03-15 15:29:22,123456789012,eni-ghi789,10.137.48.155,10.50.74.65,6736,6379,17,7052,694149,REJECT,OK
2026-03-15 21:51:34,123456789012,eni-def456,10.133.246.140,137.67.210.26,45855,443,17,7924,6559043,ACCEPT,OK
2026-03-15 12:23:45,123456789012,eni-ghi789,10.252.183.34,10.20.2.142,42976,22,17,5412,8544611,ACCEPT,OK
2026-03-15 16:09:17,123456789012,eni-ghi789,10.170.90.168,67.221.89.94,21218,3306,6,1216,9210310,ACCEPT,OK
2026-03-15 19:52:25,123456789012,eni-ghi789,10.215.244.116,108.38.141.132,39397,5432,1,4891,6268277,ACCEPT,OK
2026-03-15 05:44:34,123456789012,eni-def456,10.65.206.251,143.6.18.129,59279,5432,6,7290,5050147,REJECT,OK
2026-03-15 03:29:36,123456789012,eni-def456,193.237.218.229,10.18.86.172,52909,80,1,270,2652326,ACCEPT,OK
2026-03-15 11:09:31,123456789012,eni-def456,10.30.60.179,189.53.129.228,37351,80,6,1740,4359177,ACCEPT,OK
2026-03-15 14:25:30,123456789012,eni-def456,10.212.128.170,169.43.76.29,15830,5432,6,1196,2668572,ACCEPT,OK
2026-03-15 14:00:12,123456789012,eni-abc123,10.82.229.212,52.241.8.89,65482,443,6,3964,5669326,REJECT,OK
2026-03-15 13:04:56,123456789012,eni-def456,10.182.88.221,144.12.58.28,8603,443,1,882,7397765,REJECT,OK
2026-03-15 04:16:15,123456789012,eni-def456,10.220.236.56,150.223.129.244,12156,5432,1,8331,2314404,REJECT,OK
2026-03-15 05:01:37,123456789012,eni-ghi789,10.231.224.114,158.42.48.79,61223,22,17,1519,3247026,REJECT,OK
2026-03-15 01:00:50,123456789012,eni-ghi789,10.29.187.63,221.126.27.122,16691,443,1,3961,4089457,REJECT,OK
2026-03-15 13:52:50,123456789012,eni-abc123,10.91.91.132,96.146.126.104,17208,22,17,407,9005707,ACCEPT,OK
2026-03-15 01:47:09,123456789012,eni-abc123,10.178.135.17,10.50.192.53,51948,80,6,2599,5856003,ACCEPT,OK
2026-03-15 08:50:22,123456789012,eni-def456,10.235.44.209,29.195.74.164,45560,6379,6,7438,6733580,ACCEPT,OK
2026-03-15 04:38:34,123456789012,eni-abc123,77.228.69.3,10.70.51.96,18159,3306,1,5314,3061586,REJECT,OK
2026-03-15 19:02:00,123456789012,eni-ghi789,10.31.196.244,10.191.241.32,33213,22,1,8803,16140,ACCEPT,OK
2026-03-15 05:38:38,123456789012,eni-ghi789,55.224.29.217,10.61.195.103,39907,5432,6,439,3244555,ACCEPT,OK
2026-03-15 10:32:42,123456789012,eni-def456,10.98.128.160,10.49.210.208,64809,5432,17,5642,9781414,ACCEPT,OK
2026-03-15 17:06:38,123456789012,eni-def456,41.103.116.240,129.91.159.180,1294,5432,6,5425,4863910,ACCEPT,OK
2026-03-15 16:26:36,123456789012,eni-abc123,50.110.236.217,10.129.21.13,17166,443,1,5720,4429530,ACCEPT,OK
2026-03-15 18:28:04,123456789012,eni-def456,10.242.58.120,10.243.106.76,15695,22,17,3846,8996546,REJECT,OK
2026-03-15 12:32:10,123456789012,eni-ghi789,70.30.186.76,49.91.177.252,10480,5432,6,7166,7655698,ACCEPT,OK
2026-03-15 11:02:30,123456789012,eni-def456,10.20.72.120,10.108.150.89,55943,3306,6,6483,5262565,ACCEPT,OK
2026-03-15 07:02:11,123456789012,eni-def456,118.153.50.8,42.75.104.122,58249,443,17,2074,3089428,ACCEPT,OK
2026-03-15 21:47:13,123456789012,eni-def456,120.143.75.117,10.208.144.161,5966,80,17,1468,7144436,ACCEPT,OK
2026-03-15 22:05:33,123456789012,eni-ghi789,72.200.36.115,131.138.65.85,45886,80,1,6168,986016,ACCEPT,OK
2026-03-15 02:22:15,123456789012,eni-abc123,10.232.228.16,165.74.213.136,29132,22,1,2484,9611565,ACCEPT,OK
2026-03-15 14:45:25,123456789012,eni-abc123,10.183.70.111,10.134.123.114,14811,22,17,3092,7773837,ACCEPT,OK
2026-03-15 06:31:04,123456789012,eni-def456,10.132.175.45,185.192.240.112,58928,5432,6,7731,7299400,REJECT,OK
2026-03-15 14:39:31,123456789012,eni-ghi789,100.75.204.228,10.28.183.90,53052,5432,1,401,7904705,ACCEPT,OK
2026-03-15 12:42:26,123456789012,eni-def456,10.140.198.112,10.52.7.60,26983,6379,1,5634,1853851,ACCEPT,OK
2026-03-15 17:34:06,123456789012,eni-abc123,10.236.69.222,10.101.158.251,45637,80,1,5056,3811286,ACCEPT,OK
2026-03-15 10:23:19,123456789012,eni-ghi789,67.199.86.174,10.167.120.195,24847,6379,6,5249,450736,ACCEPT,OK
2026-03-15 15:24:46,123456789012,eni-abc123,10.213.58.162,10.244.237.89,62618,5432,17,2033,4745227,ACCEPT,OK
2026-03-15 14:36:06,123456789012,eni-def456,10.219.115.152,10.172.203.17,35239,80,17,3611,3245132,REJECT,OK
2026-03-15 14:50:41,123456789012,eni-ghi789,10.144.252.103,197.70.44.167,13752,80,6,2981,972075,ACCEPT,OK
2026-03-15 10:12:54,123456789012,eni-abc123,10.88.89.56,147.248.187.248,1202,3306,6,8989,1926354,ACCEPT,OK
2026-03-15 03:13:38,123456789012,eni-abc123,10.245.210.66,63.101.13.115,37100,5432,6,648,6320571,ACCEPT,OK
2026-03-15 02:50:05,123456789012,eni-ghi789,39.241.206.201,223.114.223.207,12527,22,17,7733,2111905,REJECT,OK
2026-03-15 05:26:05,123456789012,eni-ghi789,91.243.38.176,208.106.52.125,46656,80,1,8703,2234186,ACCEPT,OK
2026-03-15 16:12:12,123456789012,eni-def456,10.205.242.92,10.2.133.197,15246,3306,17,1803,7741826,ACCEPT,OK
2026-03-15 07:37:25,123456789012,eni-ghi789,10.174.246.19,10.182.207.225,39745,80,1,1238,4839807,REJECT,OK
2026-03-15 01:36:25,123456789012,eni-def456,31.28.5.34,10.38.164.104,13755,3306,1,6127,4541762,REJECT,OK
2026-03-15 22:47:12,123456789012,eni-def456,15.61.234.160,10.176.20.116,12340,22,6,9660,7037590,ACCEPT,OK
2026-03-15 18:38:33,123456789012,eni-ghi789,58.222.24.166,10.186.26.206,16687,443,1,290,2728303,ACCEPT,OK
2026-03-15 05:26:31,123456789012,eni-abc123,10.127.243.60,142.127.18.95,24161,5432,6,1146,4602859,ACCEPT,OK
2026-03-15 01:03:42,123456789012,eni-def456,10.65.190.138,10.118.106.14,8510,22,17,8969,6176991,ACCEPT,OK
2026-03-15 23:35:28,123456789012,eni-ghi789,21.239.150.37,10.4.52.84,25158,22,1,1542,6539613,ACCEPT,OK
2026-03-15 22:54:39,123456789012,eni-def456,10.109.60.36,167.146.133.223,22281,6379,1,8955,5387690,REJECT,OK
2026-03-15 14:53:55,123456789012,eni-abc123,36.248.85.180,10.122.216.2,29801,3306,6,4626,133809,REJECT,OK
2026-03-15 11:32:32,123456789012,eni-def456,10.76.97.136,10.209.85.144,2826,5432,6,5626,493483,ACCEPT,OK
2026-03-15 13:07:29,123456789012,eni-ghi789,10.178.207.106,10.233.159.96,51549,6379,17,5084,1591199,ACCEPT,OK
2026-03-15 23:59:10,123456789012,eni-def456,10.59.250.24,10.25.100.251,41191,443,1,2474,9041006,ACCEPT,OK
2026-03-15 00:33:33,123456789012,eni-def456,10.38.114.30,10.193.70.189,3107,22,17,2487,4839,REJECT,OK
2026-03-15 05:35:58,123456789012,eni-ghi789,182.61.81.23,10.223.63.70,64692,80,1,5903,5473247,ACCEPT,OK
2026-03-15 09:33:53,123456789012,eni-ghi789,138.121.132.16,10.221.221.38,15089,443,1,1269,7484727,ACCEPT,OK
2026-03-15 17:09:30,123456789012,eni-ghi789,10.108.243.86,10.146.27.4,8264,3306,17,9124,5712806,ACCEPT,OK
2026-03-15 11:03:49,123456789012,eni-def456,10.63.87.2,10.170.154.226,5365,3306,6,3603,7802651,ACCEPT,OK
2026-03-15 18:42:08,123456789012,eni-ghi789,10.70.175.130,10.172.1.194,51871,6379,17,799,9581543,ACCEPT,OK
2026-03-15 13:55:21,123456789012,eni-abc123,157.95.85.200,10.224.100.41,26904,3306,17,2506,5696435,ACCEPT,OK
2026-03-15 10:30:27,123456789012,eni-abc123,67.53.162.58,44.253.117.103,53071,80,17,8784,4839702,ACCEPT,OK
2026-03-15 03:09:27,123456789012,eni-def456,10.25.240.127,10.87.204.29,4447,6379,1,8523,1960019,REJECT,OK
2026-03-15 09:27:14,123456789012,eni-ghi789,10.99.65.229,10.52.218.85,57022,443,1,555,6392726,REJECT,OK
2026-03-15 07:26:48,123456789012,eni-def456,200.88.46.243,10.69.199.35,15272,5432,1,4411,3447839,ACCEPT,OK
2026-03-15 01:19:23,123456789012,eni-def456,73.51.226.37,10.184.164.130,34908,22,17,1099,357492,REJECT,OK
2026-03-15 01:12:25,123456789012,eni-abc123,44.197.117.185,10.32.225.117,21297,443,1,7771,8067754,REJECT,OK
2026-03-15 14:57:28,123456789012,eni-abc123,10.134.160.214,10.150.227.93,27004,3306,17,6451,6385506,REJECT,OK
2026-03-15 16:49:24,123456789012,eni-ghi789,222.181.204.194,219.126.211.41,54780,80,17,9872,9344298,ACCEPT,OK
2026-03-15 06:19:47,123456789012,eni-ghi789,10.250.130.231,10.206.210.204,50802,443,6,3259,3644492,REJECT,OK
2026-03-15 17:03:20,123456789012,eni-ghi789,211.23.204.25,114.7.111.193,64635,6379,6,6494,6061572,ACCEPT,OK
2026-03-15 02:26:19,123456789012,eni-abc123,32.166.128.79,10.180.34.102,50543,6379,6,4663,5552301,REJECT,OK
2026-03-15 10:33:16,123456789012,eni-def456,10.45.166.11,166.224.167.227,11145,6379,6,2993,2098503,ACCEPT,OK
2026-03-15 15:35:28,123456789012,eni-abc123,107.141.80.172,145.7.105.85,36982,3306,17,4614,8559771,ACCEPT,OK
2026-03-15 16:11:26,123456789012,eni-def456,10.197.62.230,189.143.83.110,39462,5432,17,8128,9937157,REJECT,OK
2026-03-15 03:06:21,123456789012,eni-abc123,29.204.10.122,10.168.220.93,45726,3306,1,6848,6202030,ACCEPT,OK
2026-03-15 19:05:55,123456789012,eni-abc123,10.154.220.180,2.219.148.147,8538,6379,1,2614,3575162,REJECT,OK
2026-03-15 20:02:15,123456789012,eni-abc123,10.210.161.154,10.190.240.247,62559,5432,6,2948,794959,REJECT,OK
2026-03-15 19:49:01,123456789012,eni-ghi789,154.17.224.6,86.166.143.223,42249,5432,6,3831,3811471,REJECT,OK
2026-03-15 02:24:43,123456789012,eni-def456,10.253.55.205,10.153.12.191,9817,80,1,3469,8333101,REJECT,OK
2026-03-15 23:47:38,123456789012,eni-abc123,10.89.244.127,208.36.82.118,46272,5432,6,745,5124350,ACCEPT,OK
2026-03-15 10:08:23,123456789012,eni-def456,87.135.122.235,10.65.185.124,5933,443,6,4923,5747084,ACCEPT,OK
2026-03-15 02:05:13,123456789012,eni-abc123,30.84.50.36,10.48.116.241,36475,443,1,4062,7071187,ACCEPT,OK
2026-03-15 01:27:36,123456789012,eni-abc123,178.172.16.52,222.182.135.139,17078,80,17,8667,3602689,ACCEPT,OK
2026-03-15 08:12:12,123456789012,eni-ghi789,10.189.96.150,128.62.120.42,15772,5432,17,9262,8343640,REJECT,OK
2026-03-15 11:25:05,123456789012,eni-ghi789,57.158.214.205,126.194.8.232,61886,443,17,8834,9997237,REJECT,OK
2026-03-15 22:52:52,123456789012,eni-def456,10.183.135.236,10.190.130.187,45629,5432,17,6563,2451773,ACCEPT,OK
2026-03-15 12:53:41,123456789012,eni-ghi789,10.197.16.179,10.4.35.115,40059,80,6,735,8785712,ACCEPT,OK
2026-03-15 23:51:33,123456789012,eni-ghi789,10.216.150.57,152.225.131.174,51438,3306,17,5747,8578139,REJECT,OK
2026-03-15 17:39:27,123456789012,eni-abc123,10.112.42.85,10.94.145.252,43811,443,17,5181,8731599,ACCEPT,OK
2026-03-15 15:39:59,123456789012,eni-ghi789,201.59.32.55,10.55.16.99,52982,5432,6,1660,7734237,ACCEPT,OK
2026-03-15 06:50:13,123456789012,eni-def456,207.84.205.86,23.132.171.216,30962,5432,6,8590,9614403,REJECT,OK
2026-03-15 22:14:15,123456789012,eni-ghi789,125.37.205.115,10.239.227.118,5005,3306,6,372,3157455,REJECT,OK
2026-03-15 05:19:09,123456789012,eni-def456,10.168.210.113,9.217.13.172,61112,5432,6,6968,2314027,ACCEPT,OK
2026-03-15 18:08:24,123456789012,eni-def456,10.151.218.239,10.142.183.159,64422,80,17,1430,4339308,ACCEPT,OK
2026-03-15 21:00:51,123456789012,eni-abc123,138.229.211.140,10.251.78.118,16348,80,1,8368,6553531,ACCEPT,OK
2026-03-15 22:04:12,123456789012,eni-def456,10.99.89.142,10.138.94.209,17863,5432,1,9938,8299884,ACCEPT,OK
2026-03-15 11:20:21,123456789012,eni-def456,152.209.190.9,185.101.0.238,29634,443,6,6597,1706777,ACCEPT,OK
2026-03-15 22:53:30,123456789012,eni-abc123,209.210.117.175,10.16.6.107,18616,3306,17,838,8031040,ACCEPT,OK
2026-03-15 15:12:48,123456789012,eni-def456,10.178.51.189,10.163.125.40,35005,443,1,6467,9211114,REJECT,OK
2026-03-15 06:35:28,123456789012,eni-ghi789,10.197.236.179,10.28.108.142,31651,6379,1,5590,6705986,ACCEPT,OK
2026-03-15 17:00:47,123456789012,eni-ghi789,10.99.150.24,10.146.28.3,34063,6379,6,2515,3607817,ACCEPT,OK
2026-03-15 17:16:40,123456789012,eni-def456,94.127.163.11,10.101.9.253,56939,443,1,5928,4634711,ACCEPT,OK
2026-03-15 01:27:39,123456789012,eni-ghi789,10.91.176.102,87.60.55.112,20689,5432,1,4843,4687960,ACCEPT,OK
2026-03-15 18:39:23,123456789012,eni-ghi789,10.87.222.157,10.17.147.212,56016,6379,17,6119,7604378,REJECT,OK
2026-03-15 05:04:50,123456789012,eni-ghi789,10.166.124.53,181.243.119.59,24121,22,6,9863,5541036,REJECT,OK
2026-03-15 12:34:59,123456789012,eni-abc123,10.149.35.17,215.6.81.133,31742,443,1,6180,3913372,ACCEPT,OK
2026-03-15 12:59:33,123456789012,eni-def456,94.11.180.199,10.127.22.235,39376,6379,17,1721,7033770,ACCEPT,OK
2026-03-15 11:21:52,123456789012,eni-def456,10.50.221.236,10.230.237.151,42438,443,6,3759,7826200,ACCEPT,OK
2026-03-15 16:18:14,123456789012,eni-def456,10.40.200.234,10.50.12.194,16436,6379,1,6115,679028,ACCEPT,OK
2026-03-15 05:40:51,123456789012,eni-abc123,10.74.172.19,10.62.222.106,61558,3306,1,4995,8907232,ACCEPT,OK
2026-03-15 23:32:09,123456789012,eni-ghi789,142.101.218.174,122.242.160.134,48052,5432,1,8587,5099624,ACCEPT,OK
2026-03-15 10:03:51,123456789012,eni-def456,10.98.230.36,117.206.121.78,47831,3306,1,6521,864462,ACCEPT,OK
2026-03-15 14:38:10,123456789012,eni-ghi789,104.4.48.213,161.47.198.251,54244,3306,17,4797,5266383,ACCEPT,OK
2026-03-15 18:36:09,123456789012,eni-def456,10.182.58.170,187.174.135.54,40981,80,1,510,1240761,REJECT,OK
2026-03-15 10:39:06,123456789012,eni-abc123,104.54.23.67,10.16.35.49,22850,3306,6,2470,1564743,REJECT,OK
2026-03-15 06:13:51,123456789012,eni-def456,10.55.202.137,10.170.248.77,64947,5432,17,451,1840342,ACCEPT,OK
2026-03-15 22:02:49,123456789012,eni-ghi789,159.28.253.24,186.150.175.245,59065,6379,17,819,1894995,REJECT,OK
2026-03-15 17:00:31,123456789012,eni-ghi789,167.91.231.190,10.94.225.12,16027,80,1,5815,7611210,REJECT,OK
2026-03-15 20:23:33,123456789012,eni-ghi789,124.65.218.210,10.31.206.182,19298,22,17,4917,1335490,ACCEPT,OK
2026-03-15 17:30:56,123456789012,eni-ghi789,10.117.254.27,10.143.237.204,44935,443,17,7850,1222009,ACCEPT,OK
2026-03-15 18:26:21,123456789012,eni-def456,67.244.219.40,199.136.209.43,47584,5432,1,1427,9351439,ACCEPT,OK
2026-03-15 15:39:49,123456789012,eni-abc123,10.250.170.207,10.26.3.48,41375,5432,1,1902,3973215,ACCEPT,OK
2026-03-15 10:03:53,123456789012,eni-abc123,10.223.177.34,10.144.215.142,64443,6379,6,602,4256649,ACCEPT,OK
2026-03-15 09:46:01,123456789012,eni-ghi789,128.155.221.212,36.76.108.33,41472,6379,1,2948,6167813,ACCEPT,OK
2026-03-15 06:25:36,123456789012,eni-def456,10.44.25.64,10.117.194.24,15271,443,6,3340,3997338,REJECT,OK
2026-03-15 14:13:41,123456789012,eni-abc123,40.50.235.116,55.215.168.205,34595,3306,6,9334,2611015,REJECT,OK
2026-03-15 10:54:03,123456789012,eni-ghi789,10.123.18.102,26.224.184.165,19346,6379,1,5079,7344355,ACCEPT,OK
2026-03-15 14:00:38,123456789012,eni-ghi789,10.33.161.73,117.118.202.25,7713,6379,17,1460,9687505,ACCEPT,OK
2026-03-15 03:05:43,123456789012,eni-def456,10.5.32.141,10.86.32.191,63129,3306,17,1749,6620056,ACCEPT,OK
2026-03-15 11:16:14,123456789012,eni-abc123,45.79.11.52,10.251.157.120,18275,3306,6,8562,8676329,ACCEPT,OK
2026-03-15 18:18:22,123456789012,eni-ghi789,10.95.93.132,10.12.191.146,47320,5432,6,9729,7770445,REJECT,OK
2026-03-15 05:26:31,123456789012,eni-abc123,10.221.45.59,10.40.81.27,13202,3306,6,8218,5603322,REJECT,OK
2026-03-15 05:47:07,123456789012,eni-abc123,10.54.227.230,10.254.19.75,62296,443,1,4047,8414380,ACCEPT,OK
2026-03-15 00:20:38,123456789012,eni-def456,10.187.107.86,63.224.9.244,64892,443,6,891,4662938,REJECT,OK
2026-03-15 16:23:33,123456789012,eni-abc123,10.147.54.238,68.244.106.171,55590,80,17,3524,7444927,ACCEPT,OK
2026-03-15 03:08:17,123456789012,eni-def456,10.168.121.219,10.236.227.140,21636,22,17,2451,7651891,ACCEPT,OK
2026-03-15 15:59:41,123456789012,eni-def456,10.9.51.1,10.196.214.153,62659,443,17,2050,6014129,ACCEPT,OK
2026-03-15 05:06:04,123456789012,eni-ghi789,27.216.68.216,10.65.1.155,46293,443,6,1669,9792458,ACCEPT,OK
2026-03-15 19:12:23,123456789012,eni-abc123,142.116.173.166,10.211.70.239,6888,22,1,7110,3102901,REJECT,OK
2026-03-15 20:10:21,123456789012,eni-def456,186.82.71.231,10.178.98.22,10028,22,6,2655,7645650,ACCEPT,OK
2026-03-15 15:58:14,123456789012,eni-ghi789,10.193.229.67,88.35.137.204,29144,3306,1,249,9431995,ACCEPT,OK
2026-03-15 02:18:45,123456789012,eni-ghi789,10.45.62.153,67.91.89.100,17675,22,6,3429,373548,ACCEPT,OK
2026-03-15 06:39:27,123456789012,eni-def456,174.124.138.158,200.245.134.207,63260,3306,6,610,6368610,ACCEPT,OK
2026-03-15 19:28:32,123456789012,eni-abc123,10.25.141.206,130.85.205.72,58513,443,17,3341,6776952,ACCEPT,OK
2026-03-15 23:26:48,123456789012,eni-ghi789,10.231.53.22,150.212.113.35,35354,6379,17,950,7200920,ACCEPT,OK
2026-03-15 16:57:50,123456789012,eni-ghi789,101.54.215.119,77.106.75.163,1674,80,1,9977,8401192,ACCEPT,OK
2026-03-15 05:09:32,123456789012,eni-def456,10.235.76.64,110.61.76.100,9041,22,6,4191,4326128,REJECT,OK
2026-03-15 09:09:36,123456789012,eni-abc123,10.113.224.59,82.37.101.51,24234,6379,17,6839,9926548,REJECT,OK
2026-03-15 04:28:44,123456789012,eni-abc123,10.136.188.26,10.204.68.1,1209,5432,1,1679,380797,ACCEPT,OK
2026-03-15 00:39:23,123456789012,eni-def456,158.202.150.248,122.185.174.85,23561,6379,17,5459,8815820,ACCEPT,OK
2026-03-15 11:21:42,123456789012,eni-abc123,10.121.234.151,10.72.150.27,36312,6379,6,2662,2689059,ACCEPT,OK
2026-03-15 00:48:18,123456789012,eni-abc123,181.63.68.89,10.39.21.77,14880,80,6,5799,3322841,ACCEPT,OK
2026-03-15 00:17:28,123456789012,eni-ghi789,10.37.63.40,10.117.177.142,33998,22,6,9988,5552719,REJECT,OK
2026-03-15 23:20:33,123456789012,eni-abc123,10.244.167.220,212.65.249.17,9260,22,6,7581,5476229,ACCEPT,OK
2026-03-15 14:30:13,123456789012,eni-def456,10.104.196.72,102.238.221.79,27421,22,17,3427,3395673,ACCEPT,OK
2026-03-15 21:26:37,123456789012,eni-abc123,10.146.137.119,28.209.95.197,32225,3306,1,7132,2054370,ACCEPT,OK
2026-03-15 16:43:08,123456789012,eni-ghi789,221.24.158.233,124.39.89.221,59187,6379,1,3945,8998494,ACCEPT,OK
2026-03-15 01:48:21,123456789012,eni-def456,10.94.123.95,10.10.212.98,37354,6379,17,6578,9560343,ACCEPT,OK
2026-03-15 10:38:25,123456789012,eni-def456,10.215.213.85,10.96.242.172,31222,22,1,4584,3383032,REJECT,OK
2026-03-15 21:54:40,123456789012,eni-ghi789,10.83.171.38,10.92.83.48,35866,443,1,6620,2929587,REJECT,OK
2026-03-15 17:28:54,123456789012,eni-abc123,126.146.8.84,106.243.121.48,43459,443,1,6917,8057771,ACCEPT,OK
2026-03-15 07:16:11,123456789012,eni-def456,10.109.229.98,29.74.49.46,13440,80,17,8006,2605623,ACCEPT,OK
2026-03-15 02:11:13,123456789012,eni-abc123,159.197.64.204,119.32.31.5,62327,443,17,2657,6766241,REJECT,OK
2026-03-15 12:24:06,123456789012,eni-abc123,221.45.106.153,10.106.131.118,44279,3306,17,961,853343,ACCEPT,OK
2026-03-15 10:58:23,123456789012,eni-def456,96.138.105.162,36.250.226.182,62038,3306,6,7345,4994197,ACCEPT,OK
2026-03-15 01:33:37,123456789012,eni-abc123,10.110.105.92,10.68.1.10,64759,6379,17,3819,1588914,ACCEPT,OK
2026-03-15 16:00:08,123456789012,eni-abc123,10.3.161.12,10.110.91.70,34703,22,1,1782,7381197,REJECT,OK
2026-03-15 20:11:48,123456789012,eni-def456,10.103.43.138,10.243.244.164,10385,3306,17,9416,6830400,ACCEPT,OK
2026-03-15 22:34:18,123456789012,eni-abc123,44.69.74.154,10.121.73.208,17914,80,1,9725,2528750,ACCEPT,OK
2026-03-15 12:43:17,123456789012,eni-def456,10.74.119.49,10.144.214.114,4162,80,1,5550,8557774,ACCEPT,OK
2026-03-15 08:38:01,123456789012,eni-abc123,156.226.47.39,11.139.26.53,62961,443,1,3067,2837654,REJECT,OK
2026-03-15 09:46:00,123456789012,eni-ghi789,111.194.27.80,219.60.85.238,53295,6379,17,9379,6062816,REJECT,OK
2026-03-15 22:14:54,123456789012,eni-def456,10.238.13.63,126.248.253.58,41402,5432,17,570,377668,ACCEPT,OK
